site_id,site_name,latitude,longitude,land_capacity,water_capacity,power_capacity,school_capacity,healthcare_capacity,road_access,livelihood_access,rainfall_mm,elevation_m,slope_degree,landslide_score,flood_score,historical_disasters,hospital_distance_km,nearest_town_distance_km,hazard_score,safe
S001,Candidate - Uttaraun,30.291378,79.274714,1176,636,636,164,50,95,88,1495.12,799.0,8.36,33,30.0,2,1.34,10.0,47.74,True
S002,Candidate - Umrakot Urf Baidanu,30.29555,79.297579,3169,413,413,116,35,95,79,1495.12,817.0,5.67,32,30.0,2,1.13,14.0,47.34,True
S003,Candidate - Langasu,30.291967,79.282589,1957,365,365,96,50,95,83,1495.12,842.0,22.0,44,30.0,2,0.64,10.0,52.14,False
S004,Candidate - Dungwali,30.289777,79.297452,1395,173,173,44,35,95,79,1495.12,960.0,11.81,36,30.0,2,0.87,15.0,48.94,True
S005,Candidate - Bangaon Talla,30.229621,79.262313,2117,402,402,60,75,60,83,1495.12,825.0,18.48,38,30.0,2,0.43,3.0,49.74,True
S006,Candidate - Batula,30.416415,79.421942,4486,796,796,196,35,80,73,1425.84,1232.0,8.55,32,30.0,2,1.42,12.0,46.94,True
S007,Candidate - Baula,30.268265,79.15334,860,161,161,52,60,85,88,1495.12,1204.0,26.13,43,30.0,2,2.22,4.0,51.74,False
S008,Candidate - Nakot Laga Dimar (Nakot Talla),30.262902,79.235727,1601,45,45,2,75,75,89,1495.12,1516.0,16.47,37,30.0,2,1.77,5.0,49.34,True
S009,Candidate - Dimar,30.249615,79.25396,6878,1109,1109,274,50,80,77,1495.12,1032.0,23.52,43,30.0,2,1.28,8.0,51.74,False
S010,Candidate - Tefna,30.307562,79.328229,835,385,385,78,60,75,89,1495.12,924.0,4.28,32,30.0,2,2.69,5.0,47.34,True
S011,Candidate - Kanda Maikhura,30.27097,79.268795,5937,577,577,118,75,65,80,1495.12,1386.0,24.52,45,30.0,2,0.47,4.0,52.54,False
S012,Candidate - Tatasu urf majyri,30.243817,79.25867,939,339,339,94,35,95,64,1495.12,1018.0,28.34,47,30.0,2,1.47,12.0,53.34,False
S013,Candidate - Bainoli,30.200998,79.206281,4326,702,702,150,20,80,64,1495.12,1592.0,10.13,29,30.0,2,0.56,20.0,46.14,True
S014,Candidate - Nakot Malla,30.262567,79.245039,1072,138,138,32,75,75,84,1495.12,1347.0,25.56,45,30.0,2,1.51,5.0,52.54,False
S015,Candidate - Baskwali,30.216324,79.256101,2838,335,335,80,75,55,87,1495.12,1094.0,15.96,35,30.0,2,1.45,2.0,48.54,True
S016,Candidate - Matholi,30.223257,79.264699,1870,237,237,70,75,60,78,1495.12,1114.0,23.66,42,30.0,2,0.93,3.0,51.34,False
S017,Candidate - Mangroli,30.316172,79.322401,1634,241,241,50,75,75,90,1495.12,933.0,26.88,50,30.0,2,1.73,2.0,54.54,False
S018,Candidate - Paini,30.526858,79.529719,5401,664,664,174,50,80,77,1425.84,1791.0,26.71,46,30.0,2,1.95,7.0,52.54,False
S019,Candidate - Hailang,30.515008,79.50786,2456,528,528,140,35,80,68,1425.84,1793.0,22.03,43,30.0,2,1.32,13.0,51.34,False
S020,Candidate - Dhanai Laga,30.204129,79.197963,650,190,190,66,20,75,62,1495.12,1716.0,19.24,36,30.0,2,0.13,20.0,48.94,True
