event_id,habitation_id,event_type,event_date,event_time,latitude,longitude,severity,affected_population,affected_households,affected_area_km2,houses_damaged,road_damaged,evacuation_required,source,verified
CHAMOLI-FF-1970-001,NA,flash_flood,1970-07-20,NA,30.4131,79.405,critical,NA,NA,NA,NA,1,1,Central Water Commission (CWC) / USDMA,1
CHAMOLI-FF-1970-002,40971,flash_flood,1970-07-20,NA,30.40131,79.405118,critical,NA,NA,NA,NA,1,1,CWC / USDMA / PWD Uttarakhand,1
CHAMOLI-EQ-1999-001,NA,earthquake,1999-03-29,00:35,30.41,79.42,critical,464000,NA,NA,16400,1,1,Geological Survey of India (GSI) / IMD / USDMA,1
CHAMOLI-EQ-1999-002,40971,earthquake,1999-03-29,00:35,30.40131,79.405118,severe,NA,NA,NA,NA,1,1,GSI Special Publication No. 53 / IMD,1
CHAMOLI-EQ-1999-003,40938,earthquake,1999-03-29,00:35,30.429004,79.421271,severe,NA,NA,NA,NA,1,1,GSI Special Publication No. 53 / IMD,1
CHAMOLI-FF-2013-001,NA,flash_flood,2013-06-16,NA,30.4131,79.405,critical,NA,NA,NA,NA,1,1,National Institute of Disaster Management (NIDM) / CWC / USDMA,1
CHAMOLI-FF-2013-002,40813,flash_flood,2013-06-16,NA,30.635922,79.538228,critical,NA,NA,NA,35,1,1,NIDM / USDMA / CWC,1
CHAMOLI-FF-2013-003,40809,flash_flood,2013-06-16,NA,30.671277,79.409111,severe,NA,NA,NA,12,1,1,NIDM / USDMA / Chamoli DDMA,1
CHAMOLI-FF-2013-004,41693,flood,2013-06-16,NA,30.068739,79.509962,severe,NA,NA,NA,22,1,1,CWC / NIDM / USDMA,1
CHAMOLI-FF-2013-005,41445,flood,2013-06-16,NA,30.229621,79.262313,high,NA,NA,NA,18,1,1,NIDM / CWC / USDMA,1
CHAMOLI-FF-2013-006,41274,flood,2013-06-16,NA,30.287328,79.125545,high,NA,NA,NA,8,1,1,CWC / USDMA,1
CHAMOLI-AV-2021-001,NA,avalanche,2021-02-07,10:00,30.3756,79.7342,critical,NA,NA,0.28,NA,NA,NA,NRSC / ISRO / WIHG / USDMA,1
CHAMOLI-FF-2021-001,40881,flash_flood,2021-02-07,10:21,30.483994,79.701896,critical,260,54,0.45,14,1,1,USDMA / NRSC / CWC / MHA,1
CHAMOLI-FF-2021-002,40885,flash_flood,2021-02-07,10:23,30.457084,79.668608,severe,120,26,0.18,6,1,1,USDMA / Chamoli DDMA,1
CHAMOLI-FF-2021-003,40873,flash_flood,2021-02-07,10:35,30.487626,79.626723,critical,450,78,0.62,28,1,1,USDMA / NDRF / CWC / MHA,1
CHAMOLI-FF-2021-004,40879,flash_flood,2021-02-07,10:25,30.498119,79.697319,high,NA,NA,0.12,3,1,1,USDMA / Chamoli DDMA,1
CHAMOLI-FF-2021-005,40880,flash_flood,2021-02-07,10:30,30.484065,79.74378,high,310,62,NA,0,1,1,USDMA / Chamoli DDMA,1
CHAMOLI-LS-2021-001,40843,landslide,2021-10-17,06:30,30.46583,79.481728,severe,85,16,0.045,4,1,1,Geological Survey of India (GSI) / USDMA,1
CHAMOLI-LS-2021-002,40842,landslide,2021-10-17,07:15,30.479816,79.480166,moderate,40,8,0.02,2,1,0,GSI / USDMA,1
CHAMOLI-LS-2021-003,40840,landslide,2021-10-17,09:00,30.505505,79.499721,moderate,NA,NA,0.015,0,1,0,GSI / USDMA,1
CHAMOLI-LS-2021-004,40809,landslide,2021-10-18,11:30,30.671277,79.409111,moderate,NA,NA,0.03,1,1,0,Chamoli DDMA / USDMA,1
CHAMOLI-LS-2021-005,40813,landslide,2021-10-18,14:00,30.635922,79.538228,moderate,NA,NA,0.012,0,1,0,USDMA / Chamoli DDMA,1
CHAMOLI-LS-2021-006,40971,landslide,2021-10-19,08:45,30.40131,79.405118,moderate,NA,NA,0.018,0,1,0,GSI / USDMA,1
CHAMOLI-LS-2022-001,40841,landslide,2022-07-16,05:30,30.491408,79.490572,moderate,NA,NA,0.015,0,1,0,GSI Bhusanket / Chamoli DDMA,1
CHAMOLI-FF-2022-001,41693,flash_flood,2022-08-19,22:15,30.068739,79.509962,high,80,15,NA,5,1,1,USDMA SEOC / Chamoli DDMA,1
CHAMOLI-LS-2022-002,41121,landslide,2022-08-20,04:00,30.220217,79.478006,moderate,NA,NA,0.02,2,1,0,USDMA SEOC / Chamoli DDMA,1
CHAMOLI-LS-2023-001,40826,landslide,2023-01-02,21:00,30.538302,79.55177,critical,2900,296,1.85,868,1,1,NDMA / GSI / USDMA / CBRI,1
CHAMOLI-LS-2023-002,40816,landslide,2023-01-02,23:30,30.568971,79.541337,severe,180,32,0.25,24,1,1,USDMA / GSI / Chamoli DDMA,1
CHAMOLI-LS-2023-003,40866,landslide,2023-01-03,10:00,30.506742,79.604623,moderate,65,12,0.08,7,1,0,Chamoli DDMA / USDMA,1
CHAMOLI-FL-2023-001,41693,flood,2023-07-13,06:00,30.068739,79.509962,severe,420,85,0.35,16,1,1,Central Water Commission (CWC) / USDMA,1
CHAMOLI-FL-2023-002,41617,flood,2023-07-13,07:30,30.08722,79.461118,moderate,95,18,0.15,4,1,0,CWC / Chamoli DDMA,1
CHAMOLI-FL-2023-003,41567,flood,2023-07-13,09:00,30.145593,79.393561,moderate,140,28,0.22,8,1,1,CWC / USDMA,1
CHAMOLI-FL-2023-004,41445,flood,2023-07-14,03:00,30.229621,79.262313,moderate,110,22,0.18,5,1,0,CWC / USDMA,1
CHAMOLI-LS-2023-004,40841,landslide,2023-07-23,10:15,30.491408,79.490572,moderate,NA,NA,0.02,0,1,0,Geological Survey of India (GSI) / Chamoli DDMA,1
CHAMOLI-LS-2023-005,40938,landslide,2023-07-23,15:30,30.429004,79.421271,moderate,NA,NA,0.015,0,1,0,GSI / Chamoli DDMA,1
CHAMOLI-LS-2023-006,40934,landslide,2023-07-24,06:00,30.455374,79.41763,moderate,NA,NA,0.01,1,1,0,Chamoli DDMA / USDMA,1
CHAMOLI-CB-2023-001,41724,cloudburst,2023-08-13,01:30,30.049267,79.494879,severe,90,18,0.12,8,1,1,USDMA SEOC / Chamoli DDMA,1
CHAMOLI-LS-2023-007,41676,landslide,2023-08-13,02:15,30.123245,79.503538,moderate,45,9,0.03,3,1,0,USDMA SEOC / Chamoli DDMA,1
CHAMOLI-LS-2023-008,41747,landslide,2023-08-14,05:00,30.069513,79.607154,moderate,NA,NA,0.025,2,1,0,Chamoli DDMA / USDMA,1
CHAMOLI-LS-2024-001,40841,landslide,2024-07-20,08:00,30.491408,79.490572,moderate,NA,NA,0.02,0,1,0,GSI Bhusanket / Chamoli DDMA,1
CHAMOLI-LS-2024-002,40840,landslide,2024-07-20,11:30,30.505505,79.499721,moderate,NA,NA,0.015,0,1,0,GSI Bhusanket / Chamoli DDMA,1
CHAMOLI-CB-2024-001,41693,cloudburst,2024-08-01,02:00,30.068739,79.509962,severe,320,65,0.4,14,1,1,SDRF / USDMA / Chamoli DDMA,1
CHAMOLI-FF-2024-001,41095,flash_flood,2024-08-01,02:30,30.239259,79.586171,severe,110,22,0.15,6,1,1,USDMA / Chamoli DDMA,1
CHAMOLI-FF-2024-002,41567,flash_flood,2024-08-01,03:30,30.145593,79.393561,moderate,80,16,0.1,4,1,0,Chamoli DDMA / USDMA,1
CHAMOLI-CB-2024-002,41693,cloudburst,2024-09-13,01:00,30.068739,79.509962,severe,150,30,0.25,9,1,1,Chamoli DDMA Official Press Note / USDMA,1
CHAMOLI-LS-2024-003,41617,landslide,2024-09-13,03:30,30.08722,79.461118,moderate,35,7,0.02,1,1,0,Chamoli DDMA / USDMA,1
CHAMOLI-LS-2024-004,41121,landslide,2024-09-14,06:15,30.220217,79.478006,moderate,NA,NA,0.015,1,1,0,USDMA / Chamoli DDMA,1
CHAMOLI-LS-2025-001,40841,landslide,2025-02-28,07:30,30.491408,79.490572,moderate,NA,NA,0.015,0,1,0,Chamoli DDMA / PWD NH Division / USDMA,1
