timestamp,station_id,station_name,river_name,latitude,longitude,habitation_id,water_level_m,danger_level_m,warning_level_m,flow_cumecs,level_change_1h,level_change_3h,level_change_6h
2013-06-16 00:00:00,004-MDBG,Birahi,Birahi Ganga,30.4013,79.4051,40971,1000.62,1005.0,1003.5,75.8,NA,NA,NA
2013-06-16 00:00:00,004-MDDG,Tapovan,Dhauliganga,30.4876,79.6267,40873,1788.41,1795.0,1793.5,178.4,NA,NA,NA
2013-06-16 00:00:00,004-MDGC,Gauchar,Alaknanda,30.2873,79.1255,41274,746.83,752.0,750.5,497.1,NA,NA,NA
2013-06-16 00:00:00,004-MDKP,Karnaprayag,Alaknanda,30.2584,79.2185,41445,769.55,775.0,773.5,475.3,NA,NA,NA
2013-06-16 00:00:00,004-MDNB,Narayanbagar,Pindar,30.1456,79.3936,41567,875.33,880.0,878.5,188.7,NA,NA,NA
2013-06-16 00:00:00,004-MDNG,Joshimath (Marwari),Alaknanda,30.5592,79.5628,40816,1368.75,1374.5,1373.0,297.5,NA,NA,NA
2013-06-16 00:00:00,004-MDNK,Nandprayag,Nandakini,30.3312,79.3175,NA,862.49,868.0,866.5,94.9,NA,NA,NA
2013-06-16 00:00:00,004-MDPK,Pandukeshwar,Alaknanda,30.6359,79.5382,40813,1822.61,1828.0,1826.5,241.9,NA,NA,NA
2013-06-16 00:00:00,004-MDTR,Tharali,Pindar,30.0687,79.5099,41693,994.4,999.5,998.0,225.6,NA,NA,NA
2013-06-16 01:00:00,004-MDBG,Birahi,Birahi Ganga,30.4013,79.4051,40971,1000.67,1005.0,1003.5,80.4,0.05,NA,NA
2013-06-16 01:00:00,004-MDDG,Tapovan,Dhauliganga,30.4876,79.6267,40873,1788.56,1795.0,1793.5,199.3,0.15,NA,NA
2013-06-16 01:00:00,004-MDGC,Gauchar,Alaknanda,30.2873,79.1255,41274,746.84,752.0,750.5,505.9,0.01,NA,NA
2013-06-16 01:00:00,004-MDKP,Karnaprayag,Alaknanda,30.2584,79.2185,41445,769.58,775.0,773.5,487.7,0.03,NA,NA
2013-06-16 01:00:00,004-MDNB,Narayanbagar,Pindar,30.1456,79.3936,41567,875.39,880.0,878.5,200.8,0.06,NA,NA
2013-06-16 01:00:00,004-MDNG,Joshimath (Marwari),Alaknanda,30.5592,79.5628,40816,1368.84,1374.5,1373.0,326.8,0.09,NA,NA
2013-06-16 01:00:00,004-MDNK,Nandprayag,Nandakini,30.3312,79.3175,NA,862.53,868.0,866.5,99.4,0.04,NA,NA
2013-06-16 01:00:00,004-MDPK,Pandukeshwar,Alaknanda,30.6359,79.5382,40813,1822.81,1828.0,1826.5,276.0,0.2,NA,NA
2013-06-16 01:00:00,004-MDTR,Tharali,Pindar,30.0687,79.5099,41693,994.47,999.5,998.0,243.8,0.07,NA,NA
2013-06-16 02:00:00,004-MDBG,Birahi,Birahi Ganga,30.4013,79.4051,40971,1000.73,1005.0,1003.5,86.5,0.06,NA,NA
2013-06-16 02:00:00,004-MDDG,Tapovan,Dhauliganga,30.4876,79.6267,40873,1788.75,1795.0,1793.5,225.8,0.19,NA,NA
2013-06-16 02:00:00,004-MDGC,Gauchar,Alaknanda,30.2873,79.1255,41274,746.86,752.0,750.5,518.6,0.02,NA,NA
2013-06-16 02:00:00,004-MDKP,Karnaprayag,Alaknanda,30.2584,79.2185,41445,769.61,775.0,773.5,505.2,0.03,NA,NA
2013-06-16 02:00:00,004-MDNB,Narayanbagar,Pindar,30.1456,79.3936,41567,875.46,880.0,878.5,217.1,0.07,NA,NA
2013-06-16 02:00:00,004-MDNG,Joshimath (Marwari),Alaknanda,30.5592,79.5628,40816,1368.96,1374.5,1373.0,364.8,0.12,NA,NA
2013-06-16 02:00:00,004-MDNK,Nandprayag,Nandakini,30.3312,79.3175,NA,862.58,868.0,866.5,105.4,0.05,NA,NA
2013-06-16 02:00:00,004-MDPK,Pandukeshwar,Alaknanda,30.6359,79.5382,40813,1823.07,1828.0,1826.5,318.8,0.26,NA,NA
2013-06-16 02:00:00,004-MDTR,Tharali,Pindar,30.0687,79.5099,41693,994.58,999.5,998.0,267.9,0.11,NA,NA
2013-06-16 03:00:00,004-MDBG,Birahi,Birahi Ganga,30.4013,79.4051,40971,1000.82,1005.0,1003.5,94.7,0.09,0.2,NA
2013-06-16 03:00:00,004-MDDG,Tapovan,Dhauliganga,30.4876,79.6267,40873,1788.98,1795.0,1793.5,259.1,0.23,0.57,NA
2013-06-16 03:00:00,004-MDGC,Gauchar,Alaknanda,30.2873,79.1255,41274,746.89,752.0,750.5,536.7,0.03,0.06,NA
2013-06-16 03:00:00,004-MDKP,Karnaprayag,Alaknanda,30.2584,79.2185,41445,769.67,775.0,773.5,529.7,0.06,0.12,NA
2013-06-16 03:00:00,004-MDNB,Narayanbagar,Pindar,30.1456,79.3936,41567,875.56,880.0,878.5,238.6,0.1,0.23,NA
2013-06-16 03:00:00,004-MDNG,Joshimath (Marwari),Alaknanda,30.5592,79.5628,40816,1369.11,1374.5,1373.0,413.3,0.15,0.36,NA
2013-06-16 03:00:00,004-MDNK,Nandprayag,Nandakini,30.3312,79.3175,NA,862.66,868.0,866.5,113.5,0.08,0.17,NA
2013-06-16 03:00:00,004-MDPK,Pandukeshwar,Alaknanda,30.6359,79.5382,40813,1823.38,1828.0,1826.5,371.4,0.31,0.77,NA
2013-06-16 03:00:00,004-MDTR,Tharali,Pindar,30.0687,79.5099,41693,994.71,999.5,998.0,299.2,0.13,0.31,NA
2013-06-16 04:00:00,004-MDBG,Birahi,Birahi Ganga,30.4013,79.4051,40971,1000.93,1005.0,1003.5,105.2,0.11,0.26,NA
2013-06-16 04:00:00,004-MDDG,Tapovan,Dhauliganga,30.4876,79.6267,40873,1789.27,1795.0,1793.5,300.0,0.29,0.71,NA
2013-06-16 04:00:00,004-MDGC,Gauchar,Alaknanda,30.2873,79.1255,41274,746.93,752.0,750.5,561.8,0.04,0.09,NA
2013-06-16 04:00:00,004-MDKP,Karnaprayag,Alaknanda,30.2584,79.2185,41445,769.73,775.0,773.5,563.3,0.06,0.15,NA
2013-06-16 04:00:00,004-MDNB,Narayanbagar,Pindar,30.1456,79.3936,41567,875.69,880.0,878.5,266.7,0.13,0.3,NA
2013-06-16 04:00:00,004-MDNG,Joshimath (Marwari),Alaknanda,30.5592,79.5628,40816,1369.31,1374.5,1373.0,474.1,0.2,0.47,NA
2013-06-16 04:00:00,004-MDNK,Nandprayag,Nandakini,30.3312,79.3175,NA,862.76,868.0,866.5,124.3,0.1,0.23,NA
2013-06-16 04:00:00,004-MDPK,Pandukeshwar,Alaknanda,30.6359,79.5382,40813,1823.76,1828.0,1826.5,434.8,0.38,0.95,NA
2013-06-16 04:00:00,004-MDTR,Tharali,Pindar,30.0687,79.5099,41693,994.88,999.5,998.0,339.1,0.17,0.41,NA
2013-06-16 05:00:00,004-MDBG,Birahi,Birahi Ganga,30.4013,79.4051,40971,1001.08,1005.0,1003.5,118.7,0.15,0.35,NA
2013-06-16 05:00:00,004-MDDG,Tapovan,Dhauliganga,30.4876,79.6267,40873,1789.62,1795.0,1793.5,349.3,0.35,0.87,NA
2013-06-16 05:00:00,004-MDGC,Gauchar,Alaknanda,30.2873,79.1255,41274,746.99,752.0,750.5,596.3,0.06,0.13,NA
2013-06-16 05:00:00,004-MDKP,Karnaprayag,Alaknanda,30.2584,79.2185,41445,769.83,775.0,773.5,608.5,0.1,0.22,NA
2013-06-16 05:00:00,004-MDNB,Narayanbagar,Pindar,30.1456,79.3936,41567,875.85,880.0,878.5,302.4,0.16,0.39,NA
2013-06-16 05:00:00,004-MDNG,Joshimath (Marwari),Alaknanda,30.5592,79.5628,40816,1369.54,1374.5,1373.0,548.9,0.23,0.58,NA
2013-06-16 05:00:00,004-MDNK,Nandprayag,Nandakini,30.3312,79.3175,NA,862.88,868.0,866.5,138.3,0.12,0.3,NA
2013-06-16 05:00:00,004-MDPK,Pandukeshwar,Alaknanda,30.6359,79.5382,40813,1824.21,1828.0,1826.5,509.8,0.45,1.14,NA
2013-06-16 05:00:00,004-MDTR,Tharali,Pindar,30.0687,79.5099,41693,995.1,999.5,998.0,389.2,0.22,0.52,NA
2013-06-16 06:00:00,004-MDBG,Birahi,Birahi Ganga,30.4013,79.4051,40971,1001.26,1005.0,1003.5,135.6,0.18,0.44,0.64
2013-06-16 06:00:00,004-MDDG,Tapovan,Dhauliganga,30.4876,79.6267,40873,1790.03,1795.0,1793.5,407.6,0.41,1.05,1.62
2013-06-16 06:00:00,004-MDGC,Gauchar,Alaknanda,30.2873,79.1255,41274,747.07,752.0,750.5,642.7,0.08,0.18,0.24
2013-06-16 06:00:00,004-MDKP,Karnaprayag,Alaknanda,30.2584,79.2185,41445,769.95,775.0,773.5,668.4,0.12,0.28,0.4
2013-06-16 06:00:00,004-MDNB,Narayanbagar,Pindar,30.1456,79.3936,41567,876.06,880.0,878.5,347.2,0.21,0.5,0.73
2013-06-16 06:00:00,004-MDNG,Joshimath (Marwari),Alaknanda,30.5592,79.5628,40816,1369.83,1374.5,1373.0,639.0,0.29,0.72,1.08
2013-06-16 06:00:00,004-MDNK,Nandprayag,Nandakini,30.3312,79.3175,NA,863.04,868.0,866.5,156.2,0.16,0.38,0.55
2013-06-16 06:00:00,004-MDPK,Pandukeshwar,Alaknanda,30.6359,79.5382,40813,1824.72,1828.0,1826.5,596.7,0.51,1.34,2.11
2013-06-16 06:00:00,004-MDTR,Tharali,Pindar,30.0687,79.5099,41693,995.36,999.5,998.0,450.7,0.26,0.65,0.96
2013-06-16 07:00:00,004-MDBG,Birahi,Birahi Ganga,30.4013,79.4051,40971,1001.49,1005.0,1003.5,156.4,0.23,0.56,0.82
2013-06-16 07:00:00,004-MDDG,Tapovan,Dhauliganga,30.4876,79.6267,40873,1790.51,1795.0,1793.5,475.2,0.48,1.24,1.95
2013-06-16 07:00:00,004-MDGC,Gauchar,Alaknanda,30.2873,79.1255,41274,747.17,752.0,750.5,704.1,0.1,0.24,0.33
2013-06-16 07:00:00,004-MDKP,Karnaprayag,Alaknanda,30.2584,79.2185,41445,770.11,775.0,773.5,746.1,0.16,0.38,0.53
2013-06-16 07:00:00,004-MDNB,Narayanbagar,Pindar,30.1456,79.3936,41567,876.31,880.0,878.5,402.3,0.25,0.62,0.92
2013-06-16 07:00:00,004-MDNG,Joshimath (Marwari),Alaknanda,30.5592,79.5628,40816,1370.17,1374.5,1373.0,745.5,0.34,0.86,1.33
2013-06-16 07:00:00,004-MDNK,Nandprayag,Nandakini,30.3312,79.3175,NA,863.25,868.0,866.5,178.6,0.21,0.49,0.72
2013-06-16 07:00:00,004-MDPK,Pandukeshwar,Alaknanda,30.6359,79.5382,40813,1825.31,1828.0,1826.5,695.2,0.59,1.55,2.5
2013-06-16 07:00:00,004-MDTR,Tharali,Pindar,30.0687,79.5099,41693,995.68,999.5,998.0,524.8,0.32,0.8,1.21
2013-06-16 08:00:00,004-MDBG,Birahi,Birahi Ganga,30.4013,79.4051,40971,1001.76,1005.0,1003.5,181.4,0.27,0.68,1.03
2013-06-16 08:00:00,004-MDDG,Tapovan,Dhauliganga,30.4876,79.6267,40873,1791.05,1795.0,1793.5,551.8,0.54,1.43,2.3
2013-06-16 08:00:00,004-MDGC,Gauchar,Alaknanda,30.2873,79.1255,41274,747.3,752.0,750.5,783.9,0.13,0.31,0.44
2013-06-16 08:00:00,004-MDKP,Karnaprayag,Alaknanda,30.2584,79.2185,41445,770.32,775.0,773.5,845.4,0.21,0.49,0.71
2013-06-16 08:00:00,004-MDNB,Narayanbagar,Pindar,30.1456,79.3936,41567,876.61,880.0,878.5,468.6,0.3,0.76,1.15
2013-06-16 08:00:00,004-MDNG,Joshimath (Marwari),Alaknanda,30.5592,79.5628,40816,1370.56,1374.5,1373.0,868.9,0.39,1.02,1.6
2013-06-16 08:00:00,004-MDNK,Nandprayag,Nandakini,30.3312,79.3175,NA,863.5,868.0,866.5,206.1,0.25,0.62,0.92
2013-06-16 08:00:00,004-MDPK,Pandukeshwar,Alaknanda,30.6359,79.5382,40813,1825.96,1828.0,1826.5,804.4,0.65,1.75,2.89
2013-06-16 08:00:00,004-MDTR,Tharali,Pindar,30.0687,79.5099,41693,996.06,999.5,998.0,612.5,0.38,0.96,1.48
2013-06-16 09:00:00,004-MDBG,Birahi,Birahi Ganga,30.4013,79.4051,40971,1002.08,1005.0,1003.5,211.0,0.32,0.82,1.26
2013-06-16 09:00:00,004-MDDG,Tapovan,Dhauliganga,30.4876,79.6267,40873,1791.65,1795.0,1793.5,636.8,0.6,1.62,2.67
2013-06-16 09:00:00,004-MDGC,Gauchar,Alaknanda,30.2873,79.1255,41274,747.47,752.0,750.5,885.8,0.17,0.4,0.58
2013-06-16 09:00:00,004-MDKP,Karnaprayag,Alaknanda,30.2584,79.2185,41445,770.58,775.0,773.5,969.8,0.26,0.63,0.91
2013-06-16 09:00:00,004-MDNB,Narayanbagar,Pindar,30.1456,79.3936,41567,876.97,880.0,878.5,547.1,0.36,0.91,1.41
2013-06-16 09:00:00,004-MDNG,Joshimath (Marwari),Alaknanda,30.5592,79.5628,40816,1371.0,1374.5,1373.0,1008.9,0.44,1.17,1.89
2013-06-16 09:00:00,004-MDNK,Nandprayag,Nandakini,30.3312,79.3175,NA,863.8,868.0,866.5,239.3,0.3,0.76,1.14
2013-06-16 09:00:00,004-MDPK,Pandukeshwar,Alaknanda,30.6359,79.5382,40813,1826.67,1828.0,1826.5,922.9,0.71,1.95,3.29
2013-06-16 09:00:00,004-MDTR,Tharali,Pindar,30.0687,79.5099,41693,996.5,999.5,998.0,714.1,0.44,1.14,1.79
2013-06-16 10:00:00,004-MDBG,Birahi,Birahi Ganga,30.4013,79.4051,40971,1002.45,1005.0,1003.5,245.3,0.37,0.96,1.52
2013-06-16 10:00:00,004-MDDG,Tapovan,Dhauliganga,30.4876,79.6267,40873,1792.3,1795.0,1793.5,728.9,0.65,1.79,3.03
2013-06-16 10:00:00,004-MDGC,Gauchar,Alaknanda,30.2873,79.1255,41274,747.68,752.0,750.5,1013.4,0.21,0.51,0.75
2013-06-16 10:00:00,004-MDKP,Karnaprayag,Alaknanda,30.2584,79.2185,41445,770.89,775.0,773.5,1122.6,0.31,0.78,1.16
2013-06-16 10:00:00,004-MDNB,Narayanbagar,Pindar,30.1456,79.3936,41567,877.39,880.0,878.5,638.0,0.42,1.08,1.7
2013-06-16 10:00:00,004-MDNG,Joshimath (Marwari),Alaknanda,30.5592,79.5628,40816,1371.49,1374.5,1373.0,1164.2,0.49,1.32,2.18
2013-06-16 10:00:00,004-MDNK,Nandprayag,Nandakini,30.3312,79.3175,NA,864.15,868.0,866.5,278.6,0.35,0.9,1.39
2013-06-16 10:00:00,004-MDPK,Pandukeshwar,Alaknanda,30.6359,79.5382,40813,1827.42,1828.0,1826.5,1048.2,0.75,2.11,3.66
2013-06-16 10:00:00,004-MDTR,Tharali,Pindar,30.0687,79.5099,41693,996.99,999.5,998.0,829.3,0.49,1.31,2.11
2013-06-16 11:00:00,004-MDBG,Birahi,Birahi Ganga,30.4013,79.4051,40971,1002.87,1005.0,1003.5,284.1,0.42,1.11,1.79
2013-06-16 11:00:00,004-MDDG,Tapovan,Dhauliganga,30.4876,79.6267,40873,1792.99,1795.0,1793.5,826.4,0.69,1.94,3.37
2013-06-16 11:00:00,004-MDGC,Gauchar,Alaknanda,30.2873,79.1255,41274,747.94,752.0,750.5,1170.2,0.26,0.64,0.95
2013-06-16 11:00:00,004-MDKP,Karnaprayag,Alaknanda,30.2584,79.2185,41445,771.28,775.0,773.5,1306.9,0.39,0.96,1.45
2013-06-16 11:00:00,004-MDNB,Narayanbagar,Pindar,30.1456,79.3936,41567,877.86,880.0,878.5,741.1,0.47,1.25,2.01
2013-06-16 11:00:00,004-MDNG,Joshimath (Marwari),Alaknanda,30.5592,79.5628,40816,1372.03,1374.5,1373.0,1332.5,0.54,1.47,2.49
2013-06-16 11:00:00,004-MDNK,Nandprayag,Nandakini,30.3312,79.3175,NA,864.56,868.0,866.5,324.0,0.41,1.06,1.68
2013-06-16 11:00:00,004-MDPK,Pandukeshwar,Alaknanda,30.6359,79.5382,40813,1828.19,1828.0,1826.5,1177.2,0.77,2.23,3.98
2013-06-16 11:00:00,004-MDTR,Tharali,Pindar,30.0687,79.5099,41693,997.54,999.5,998.0,957.1,0.55,1.48,2.44
2013-06-16 12:00:00,004-MDBG,Birahi,Birahi Ganga,30.4013,79.4051,40971,1003.34,1005.0,1003.5,327.3,0.47,1.26,2.08
2013-06-16 12:00:00,004-MDDG,Tapovan,Dhauliganga,30.4876,79.6267,40873,1793.7,1795.0,1793.5,926.7,0.71,2.05,3.67
2013-06-16 12:00:00,004-MDGC,Gauchar,Alaknanda,30.2873,79.1255,41274,748.25,752.0,750.5,1359.4,0.31,0.78,1.18
2013-06-16 12:00:00,004-MDKP,Karnaprayag,Alaknanda,30.2584,79.2185,41445,771.73,775.0,773.5,1524.8,0.45,1.15,1.78
2013-06-16 12:00:00,004-MDNB,Narayanbagar,Pindar,30.1456,79.3936,41567,878.39,880.0,878.5,855.5,0.53,1.42,2.33
2013-06-16 12:00:00,004-MDNG,Joshimath (Marwari),Alaknanda,30.5592,79.5628,40816,1372.59,1374.5,1373.0,1510.6,0.56,1.59,2.76
2013-06-16 12:00:00,004-MDNK,Nandprayag,Nandakini,30.3312,79.3175,NA,865.03,868.0,866.5,375.6,0.47,1.23,1.99
2013-06-16 12:00:00,004-MDPK,Pandukeshwar,Alaknanda,30.6359,79.5382,40813,1828.96,1828.0,1826.5,1306.1,0.77,2.29,4.24
2013-06-16 12:00:00,004-MDTR,Tharali,Pindar,30.0687,79.5099,41693,998.14,999.5,998.0,1095.7,0.6,1.64,2.78
2013-06-16 13:00:00,004-MDBG,Birahi,Birahi Ganga,30.4013,79.4051,40971,1003.84,1005.0,1003.5,374.0,0.5,1.39,2.35
2013-06-16 13:00:00,004-MDDG,Tapovan,Dhauliganga,30.4876,79.6267,40873,1794.41,1795.0,1793.5,1027.0,0.71,2.11,3.9
2013-06-16 13:00:00,004-MDGC,Gauchar,Alaknanda,30.2873,79.1255,41274,748.62,752.0,750.5,1583.0,0.37,0.94,1.45
2013-06-16 13:00:00,004-MDKP,Karnaprayag,Alaknanda,30.2584,79.2185,41445,772.25,775.0,773.5,1777.2,0.52,1.36,2.14
2013-06-16 13:00:00,004-MDNB,Narayanbagar,Pindar,30.1456,79.3936,41567,878.95,880.0,878.5,979.5,0.56,1.56,2.64
2013-06-16 13:00:00,004-MDNG,Joshimath (Marwari),Alaknanda,30.5592,79.5628,40816,1373.17,1374.5,1373.0,1693.9,0.58,1.68,3.0
2013-06-16 13:00:00,004-MDNK,Nandprayag,Nandakini,30.3312,79.3175,NA,865.55,868.0,866.5,432.8,0.52,1.4,2.3
2013-06-16 13:00:00,004-MDPK,Pandukeshwar,Alaknanda,30.6359,79.5382,40813,1829.7,1828.0,1826.5,1430.8,0.74,2.28,4.39
2013-06-16 13:00:00,004-MDTR,Tharali,Pindar,30.0687,79.5099,41693,998.77,999.5,998.0,1242.2,0.63,1.78,3.09
2013-06-16 14:00:00,004-MDBG,Birahi,Birahi Ganga,30.4013,79.4051,40971,1004.38,1005.0,1003.5,423.5,0.54,1.51,2.62
2013-06-16 14:00:00,004-MDDG,Tapovan,Dhauliganga,30.4876,79.6267,40873,1795.1,1795.0,1793.5,1123.9,0.69,2.11,4.05
2013-06-16 14:00:00,004-MDGC,Gauchar,Alaknanda,30.2873,79.1255,41274,749.04,752.0,750.5,1842.0,0.42,1.1,1.74
2013-06-16 14:00:00,004-MDKP,Karnaprayag,Alaknanda,30.2584,79.2185,41445,772.84,775.0,773.5,2063.5,0.59,1.56,2.52
2013-06-16 14:00:00,004-MDNB,Narayanbagar,Pindar,30.1456,79.3936,41567,879.55,880.0,878.5,1110.7,0.6,1.69,2.94
2013-06-16 14:00:00,004-MDNG,Joshimath (Marwari),Alaknanda,30.5592,79.5628,40816,1373.75,1374.5,1373.0,1877.1,0.58,1.72,3.19
2013-06-16 14:00:00,004-MDNK,Nandprayag,Nandakini,30.3312,79.3175,NA,866.11,868.0,866.5,494.8,0.56,1.55,2.61
2013-06-16 14:00:00,004-MDPK,Pandukeshwar,Alaknanda,30.6359,79.5382,40813,1830.39,1828.0,1826.5,1546.6,0.69,2.2,4.43
2013-06-16 14:00:00,004-MDTR,Tharali,Pindar,30.0687,79.5099,41693,999.42,999.5,998.0,1393.1,0.65,1.88,3.36
2013-06-16 15:00:00,004-MDBG,Birahi,Birahi Ganga,30.4013,79.4051,40971,1004.93,1005.0,1003.5,474.4,0.55,1.59,2.85
2013-06-16 15:00:00,004-MDDG,Tapovan,Dhauliganga,30.4876,79.6267,40873,1795.73,1795.0,1793.5,1214.0,0.63,2.03,4.08
2013-06-16 15:00:00,004-MDGC,Gauchar,Alaknanda,30.2873,79.1255,41274,749.53,752.0,750.5,2135.7,0.49,1.28,2.06
2013-06-16 15:00:00,004-MDKP,Karnaprayag,Alaknanda,30.2584,79.2185,41445,773.5,775.0,773.5,2381.1,0.66,1.77,2.92
2013-06-16 15:00:00,004-MDNB,Narayanbagar,Pindar,30.1456,79.3936,41567,880.17,880.0,878.5,1245.7,0.62,1.78,3.2
2013-06-16 15:00:00,004-MDNG,Joshimath (Marwari),Alaknanda,30.5592,79.5628,40816,1374.31,1374.5,1373.0,2054.3,0.56,1.72,3.31
2013-06-16 15:00:00,004-MDNK,Nandprayag,Nandakini,30.3312,79.3175,NA,866.7,868.0,866.5,560.3,0.59,1.67,2.9
2013-06-16 15:00:00,004-MDPK,Pandukeshwar,Alaknanda,30.6359,79.5382,40813,1831.0,1828.0,1826.5,1649.1,0.61,2.04,4.33
2013-06-16 15:00:00,004-MDTR,Tharali,Pindar,30.0687,79.5099,41693,1000.06,999.5,998.0,1543.9,0.64,1.92,3.56
2013-06-16 16:00:00,004-MDBG,Birahi,Birahi Ganga,30.4013,79.4051,40971,1005.48,1005.0,1003.5,525.3,0.55,1.64,3.03
2013-06-16 16:00:00,004-MDDG,Tapovan,Dhauliganga,30.4876,79.6267,40873,1796.3,1795.0,1793.5,1293.7,0.57,1.89,4.0
2013-06-16 16:00:00,004-MDGC,Gauchar,Alaknanda,30.2873,79.1255,41274,750.06,752.0,750.5,2461.6,0.53,1.44,2.38
2013-06-16 16:00:00,004-MDKP,Karnaprayag,Alaknanda,30.2584,79.2185,41445,774.22,775.0,773.5,2725.4,0.72,1.97,3.33
2013-06-16 16:00:00,004-MDNB,Narayanbagar,Pindar,30.1456,79.3936,41567,880.79,880.0,878.5,1380.7,0.62,1.84,3.4
2013-06-16 16:00:00,004-MDNG,Joshimath (Marwari),Alaknanda,30.5592,79.5628,40816,1374.83,1374.5,1373.0,2218.9,0.52,1.66,3.34
2013-06-16 16:00:00,004-MDNK,Nandprayag,Nandakini,30.3312,79.3175,NA,867.31,868.0,866.5,627.8,0.61,1.76,3.16
2013-06-16 16:00:00,004-MDPK,Pandukeshwar,Alaknanda,30.6359,79.5382,40813,1831.51,1828.0,1826.5,1733.9,0.51,1.81,4.09
2013-06-16 16:00:00,004-MDTR,Tharali,Pindar,30.0687,79.5099,41693,1000.69,999.5,998.0,1689.7,0.63,1.92,3.7
2013-06-16 17:00:00,004-MDBG,Birahi,Birahi Ganga,30.4013,79.4051,40971,1006.01,1005.0,1003.5,574.5,0.53,1.63,3.14
2013-06-16 17:00:00,004-MDDG,Tapovan,Dhauliganga,30.4876,79.6267,40873,1796.76,1795.0,1793.5,1359.7,0.46,1.66,3.77
2013-06-16 17:00:00,004-MDGC,Gauchar,Alaknanda,30.2873,79.1255,41274,750.65,752.0,750.5,2815.0,0.59,1.61,2.71
2013-06-16 17:00:00,004-MDKP,Karnaprayag,Alaknanda,30.2584,79.2185,41445,774.97,775.0,773.5,3089.5,0.75,2.13,3.69
2013-06-16 17:00:00,004-MDNB,Narayanbagar,Pindar,30.1456,79.3936,41567,881.39,880.0,878.5,1511.2,0.6,1.84,3.53
2013-06-16 17:00:00,004-MDNG,Joshimath (Marwari),Alaknanda,30.5592,79.5628,40816,1375.3,1374.5,1373.0,2364.5,0.47,1.55,3.27
2013-06-16 17:00:00,004-MDNK,Nandprayag,Nandakini,30.3312,79.3175,NA,867.92,868.0,866.5,695.3,0.61,1.81,3.36
2013-06-16 17:00:00,004-MDPK,Pandukeshwar,Alaknanda,30.6359,79.5382,40813,1831.89,1828.0,1826.5,1797.4,0.38,1.5,3.7
2013-06-16 17:00:00,004-MDTR,Tharali,Pindar,30.0687,79.5099,41693,1001.27,999.5,998.0,1825.2,0.58,1.85,3.73
2013-06-16 18:00:00,004-MDBG,Birahi,Birahi Ganga,30.4013,79.4051,40971,1006.5,1005.0,1003.5,620.2,0.49,1.57,3.16
2013-06-16 18:00:00,004-MDDG,Tapovan,Dhauliganga,30.4876,79.6267,40873,1797.11,1795.0,1793.5,1409.1,0.35,1.38,3.41
2013-06-16 18:00:00,004-MDGC,Gauchar,Alaknanda,30.2873,79.1255,41274,751.26,752.0,750.5,3188.6,0.61,1.73,3.01
2013-06-16 18:00:00,004-MDKP,Karnaprayag,Alaknanda,30.2584,79.2185,41445,775.75,775.0,773.5,3464.5,0.78,2.25,4.02
2013-06-16 18:00:00,004-MDNB,Narayanbagar,Pindar,30.1456,79.3936,41567,881.95,880.0,878.5,1632.4,0.56,1.78,3.56
2013-06-16 18:00:00,004-MDNG,Joshimath (Marwari),Alaknanda,30.5592,79.5628,40816,1375.68,1374.5,1373.0,2485.0,0.38,1.37,3.09
2013-06-16 18:00:00,004-MDNK,Nandprayag,Nandakini,30.3312,79.3175,NA,868.51,868.0,866.5,760.6,0.59,1.81,3.48
2013-06-16 18:00:00,004-MDPK,Pandukeshwar,Alaknanda,30.6359,79.5382,40813,1832.12,1828.0,1826.5,1836.7,0.23,1.12,3.16
2013-06-16 18:00:00,004-MDTR,Tharali,Pindar,30.0687,79.5099,41693,1001.79,999.5,998.0,1945.0,0.52,1.73,3.65
2013-06-16 19:00:00,004-MDBG,Birahi,Birahi Ganga,30.4013,79.4051,40971,1006.94,1005.0,1003.5,660.7,0.44,1.46,3.1
2013-06-16 19:00:00,004-MDDG,Tapovan,Dhauliganga,30.4876,79.6267,40873,1797.33,1795.0,1793.5,1439.6,0.22,1.03,2.92
2013-06-16 19:00:00,004-MDGC,Gauchar,Alaknanda,30.2873,79.1255,41274,751.89,752.0,750.5,3573.3,0.63,1.83,3.27
2013-06-16 19:00:00,004-MDKP,Karnaprayag,Alaknanda,30.2584,79.2185,41445,776.52,775.0,773.5,3839.2,0.77,2.3,4.27
2013-06-16 19:00:00,004-MDNB,Narayanbagar,Pindar,30.1456,79.3936,41567,882.44,880.0,878.5,1739.7,0.49,1.65,3.49
2013-06-16 19:00:00,004-MDNG,Joshimath (Marwari),Alaknanda,30.5592,79.5628,40816,1375.96,1374.5,1373.0,2575.2,0.28,1.13,2.79
2013-06-16 19:00:00,004-MDNK,Nandprayag,Nandakini,30.3312,79.3175,NA,869.06,868.0,866.5,821.2,0.55,1.75,3.51
2013-06-16 19:00:00,004-MDPK,Pandukeshwar,Alaknanda,30.6359,79.5382,40813,1832.2,1828.0,1826.5,1850.0,0.08,0.69,2.5
2013-06-16 19:00:00,004-MDTR,Tharali,Pindar,30.0687,79.5099,41693,1002.22,999.5,998.0,2044.2,0.43,1.53,3.45
2013-06-16 20:00:00,004-MDBG,Birahi,Birahi Ganga,30.4013,79.4051,40971,1007.3,1005.0,1003.5,694.2,0.36,1.29,2.92
2013-06-16 20:00:00,004-MDDG,Tapovan,Dhauliganga,30.4876,79.6267,40873,1797.4,1795.0,1793.5,1450.0,0.07,0.64,2.3
2013-06-16 20:00:00,004-MDGC,Gauchar,Alaknanda,30.2873,79.1255,41274,752.53,752.0,750.5,3957.9,0.64,1.88,3.49
2013-06-16 20:00:00,004-MDKP,Karnaprayag,Alaknanda,30.2584,79.2185,41445,777.27,775.0,773.5,4201.6,0.75,2.3,4.43
2013-06-16 20:00:00,004-MDNB,Narayanbagar,Pindar,30.1456,79.3936,41567,882.84,880.0,878.5,1828.5,0.4,1.45,3.29
2013-06-16 20:00:00,004-MDNG,Joshimath (Marwari),Alaknanda,30.5592,79.5628,40816,1376.14,1374.5,1373.0,2631.1,0.18,0.84,2.39
2013-06-16 20:00:00,004-MDNK,Nandprayag,Nandakini,30.3312,79.3175,NA,869.55,868.0,866.5,874.8,0.49,1.63,3.44
2013-06-16 20:00:00,004-MDPK,Pandukeshwar,Alaknanda,30.6359,79.5382,40813,1832.17,1828.0,1826.5,1845.6,-0.03,0.28,1.78
2013-06-16 20:00:00,004-MDTR,Tharali,Pindar,30.0687,79.5099,41693,1002.54,999.5,998.0,2118.5,0.32,1.27,3.12
2013-06-16 21:00:00,004-MDBG,Birahi,Birahi Ganga,30.4013,79.4051,40971,1007.58,1005.0,1003.5,719.2,0.28,1.08,2.65
2013-06-16 21:00:00,004-MDDG,Tapovan,Dhauliganga,30.4876,79.6267,40873,1797.38,1795.0,1793.5,1446.6,-0.02,0.27,1.65
2013-06-16 21:00:00,004-MDGC,Gauchar,Alaknanda,30.2873,79.1255,41274,753.14,752.0,750.5,4329.7,0.61,1.88,3.61
2013-06-16 21:00:00,004-MDKP,Karnaprayag,Alaknanda,30.2584,79.2185,41445,777.97,775.0,773.5,4538.2,0.7,2.22,4.47
2013-06-16 21:00:00,004-MDNB,Narayanbagar,Pindar,30.1456,79.3936,41567,883.15,880.0,878.5,1894.9,0.31,1.2,2.98
2013-06-16 21:00:00,004-MDNG,Joshimath (Marwari),Alaknanda,30.5592,79.5628,40816,1376.2,1374.5,1373.0,2650.0,0.06,0.52,1.89
2013-06-16 21:00:00,004-MDNK,Nandprayag,Nandakini,30.3312,79.3175,NA,869.95,868.0,866.5,919.2,0.4,1.44,3.25
2013-06-16 21:00:00,004-MDPK,Pandukeshwar,Alaknanda,30.6359,79.5382,40813,1832.1,1828.0,1826.5,1832.6,-0.07,-0.02,1.1
2013-06-16 21:00:00,004-MDTR,Tharali,Pindar,30.0687,79.5099,41693,1002.73,999.5,998.0,2164.4,0.19,0.94,2.67
2013-06-16 22:00:00,004-MDBG,Birahi,Birahi Ganga,30.4013,79.4051,40971,1007.74,1005.0,1003.5,734.7,0.16,0.8,2.26
2013-06-16 22:00:00,004-MDDG,Tapovan,Dhauliganga,30.4876,79.6267,40873,1797.3,1795.0,1793.5,1436.5,-0.08,-0.03,1.0
2013-06-16 22:00:00,004-MDGC,Gauchar,Alaknanda,30.2873,79.1255,41274,753.71,752.0,750.5,4675.1,0.57,1.82,3.65
2013-06-16 22:00:00,004-MDKP,Karnaprayag,Alaknanda,30.2584,79.2185,41445,778.59,775.0,773.5,4836.0,0.62,2.07,4.37
2013-06-16 22:00:00,004-MDNB,Narayanbagar,Pindar,30.1456,79.3936,41567,883.34,880.0,878.5,1936.1,0.19,0.9,2.55
2013-06-16 22:00:00,004-MDNG,Joshimath (Marwari),Alaknanda,30.5592,79.5628,40816,1376.18,1374.5,1373.0,2643.8,-0.02,0.22,1.35
2013-06-16 22:00:00,004-MDNK,Nandprayag,Nandakini,30.3312,79.3175,NA,870.25,868.0,866.5,952.5,0.3,1.19,2.94
2013-06-16 22:00:00,004-MDPK,Pandukeshwar,Alaknanda,30.6359,79.5382,40813,1831.97,1828.0,1826.5,1811.2,-0.13,-0.23,0.46
2013-06-16 22:00:00,004-MDTR,Tharali,Pindar,30.0687,79.5099,41693,1002.8,999.5,998.0,2180.0,0.07,0.58,2.11
2013-06-16 23:00:00,004-MDBG,Birahi,Birahi Ganga,30.4013,79.4051,40971,1007.8,1005.0,1003.5,740.0,0.06,0.5,1.79
2013-06-16 23:00:00,004-MDDG,Tapovan,Dhauliganga,30.4876,79.6267,40873,1797.19,1795.0,1793.5,1419.8,-0.11,-0.21,0.43
2013-06-16 23:00:00,004-MDGC,Gauchar,Alaknanda,30.2873,79.1255,41274,754.21,752.0,750.5,4980.7,0.5,1.68,3.56
2013-06-16 23:00:00,004-MDKP,Karnaprayag,Alaknanda,30.2584,79.2185,41445,779.1,775.0,773.5,5082.5,0.51,1.83,4.13
2013-06-16 23:00:00,004-MDNB,Narayanbagar,Pindar,30.1456,79.3936,41567,883.4,880.0,878.5,1950.0,0.06,0.56,2.01
2013-06-16 23:00:00,004-MDNG,Joshimath (Marwari),Alaknanda,30.5592,79.5628,40816,1376.12,1374.5,1373.0,2625.3,-0.06,-0.02,0.82
2013-06-16 23:00:00,004-MDNK,Nandprayag,Nandakini,30.3312,79.3175,NA,870.44,868.0,866.5,973.0,0.19,0.89,2.52
2013-06-16 23:00:00,004-MDPK,Pandukeshwar,Alaknanda,30.6359,79.5382,40813,1831.79,1828.0,1826.5,1781.6,-0.18,-0.38,-0.1
2013-06-16 23:00:00,004-MDTR,Tharali,Pindar,30.0687,79.5099,41693,1002.78,999.5,998.0,2174.9,-0.02,0.24,1.51
2013-06-17 00:00:00,004-MDBG,Birahi,Birahi Ganga,30.4013,79.4051,40971,1007.78,1005.0,1003.5,738.3,-0.02,0.2,1.28
2013-06-17 00:00:00,004-MDDG,Tapovan,Dhauliganga,30.4876,79.6267,40873,1797.02,1795.0,1793.5,1396.8,-0.17,-0.36,-0.09
2013-06-17 00:00:00,004-MDGC,Gauchar,Alaknanda,30.2873,79.1255,41274,754.63,752.0,750.5,5233.7,0.42,1.49,3.37
2013-06-17 00:00:00,004-MDKP,Karnaprayag,Alaknanda,30.2584,79.2185,41445,779.48,775.0,773.5,5267.1,0.38,1.51,3.73
2013-06-17 00:00:00,004-MDNB,Narayanbagar,Pindar,30.1456,79.3936,41567,883.38,880.0,878.5,1945.4,-0.02,0.23,1.43
2013-06-17 00:00:00,004-MDNG,Joshimath (Marwari),Alaknanda,30.5592,79.5628,40816,1376.03,1374.5,1373.0,2594.8,-0.09,-0.17,0.35
2013-06-17 00:00:00,004-MDNK,Nandprayag,Nandakini,30.3312,79.3175,NA,870.5,868.0,866.5,980.0,0.06,0.55,1.99
2013-06-17 00:00:00,004-MDPK,Pandukeshwar,Alaknanda,30.6359,79.5382,40813,1831.57,1828.0,1826.5,1744.3,-0.22,-0.53,-0.55
2013-06-17 00:00:00,004-MDTR,Tharali,Pindar,30.0687,79.5099,41693,1002.71,999.5,998.0,2159.7,-0.07,-0.02,0.92
2013-06-17 01:00:00,004-MDBG,Birahi,Birahi Ganga,30.4013,79.4051,40971,1007.73,1005.0,1003.5,733.1,-0.05,-0.01,0.79
2013-06-17 01:00:00,004-MDDG,Tapovan,Dhauliganga,30.4876,79.6267,40873,1796.82,1795.0,1793.5,1367.8,-0.2,-0.48,-0.51
2013-06-17 01:00:00,004-MDGC,Gauchar,Alaknanda,30.2873,79.1255,41274,754.94,752.0,750.5,5423.1,0.31,1.23,3.05
2013-06-17 01:00:00,004-MDKP,Karnaprayag,Alaknanda,30.2584,79.2185,41445,779.72,775.0,773.5,5381.3,0.24,1.13,3.2
2013-06-17 01:00:00,004-MDNB,Narayanbagar,Pindar,30.1456,79.3936,41567,883.32,880.0,878.5,1931.8,-0.06,-0.02,0.88
2013-06-17 01:00:00,004-MDNG,Joshimath (Marwari),Alaknanda,30.5592,79.5628,40816,1375.89,1374.5,1373.0,2552.8,-0.14,-0.29,-0.07
2013-06-17 01:00:00,004-MDNK,Nandprayag,Nandakini,30.3312,79.3175,NA,870.48,868.0,866.5,977.7,-0.02,0.23,1.42
2013-06-17 01:00:00,004-MDPK,Pandukeshwar,Alaknanda,30.6359,79.5382,40813,1831.3,1828.0,1826.5,1700.0,-0.27,-0.67,-0.9
2013-06-17 01:00:00,004-MDTR,Tharali,Pindar,30.0687,79.5099,41693,1002.6,999.5,998.0,2134.6,-0.11,-0.2,0.38
2013-06-17 02:00:00,004-MDBG,Birahi,Birahi Ganga,30.4013,79.4051,40971,1007.63,1005.0,1003.5,724.7,-0.1,-0.17,0.33
2013-06-17 02:00:00,004-MDDG,Tapovan,Dhauliganga,30.4876,79.6267,40873,1796.58,1795.0,1793.5,1333.3,-0.24,-0.61,-0.82
2013-06-17 02:00:00,004-MDGC,Gauchar,Alaknanda,30.2873,79.1255,41274,755.13,752.0,750.5,5540.3,0.19,0.92,2.6
2013-06-17 02:00:00,004-MDKP,Karnaprayag,Alaknanda,30.2584,79.2185,41445,779.8,775.0,773.5,5420.0,0.08,0.7,2.53
2013-06-17 02:00:00,004-MDNB,Narayanbagar,Pindar,30.1456,79.3936,41567,883.21,880.0,878.5,1909.4,-0.11,-0.19,0.37
2013-06-17 02:00:00,004-MDNG,Joshimath (Marwari),Alaknanda,30.5592,79.5628,40816,1375.72,1374.5,1373.0,2499.9,-0.17,-0.4,-0.42
2013-06-17 02:00:00,004-MDNK,Nandprayag,Nandakini,30.3312,79.3175,NA,870.42,868.0,866.5,970.9,-0.06,-0.02,0.87
2013-06-17 02:00:00,004-MDPK,Pandukeshwar,Alaknanda,30.6359,79.5382,40813,1831.0,1828.0,1826.5,1649.1,-0.3,-0.79,-1.17
2013-06-17 02:00:00,004-MDTR,Tharali,Pindar,30.0687,79.5099,41693,1002.46,999.5,998.0,2100.0,-0.14,-0.32,-0.08
2013-06-17 03:00:00,004-MDBG,Birahi,Birahi Ganga,30.4013,79.4051,40971,1007.51,1005.0,1003.5,713.0,-0.12,-0.27,-0.07
2013-06-17 03:00:00,004-MDDG,Tapovan,Dhauliganga,30.4876,79.6267,40873,1796.3,1795.0,1793.5,1293.7,-0.28,-0.72,-1.08
2013-06-17 03:00:00,004-MDGC,Gauchar,Alaknanda,30.2873,79.1255,41274,755.2,752.0,750.5,5580.0,0.07,0.57,2.06
2013-06-17 03:00:00,004-MDKP,Karnaprayag,Alaknanda,30.2584,79.2185,41445,779.77,775.0,773.5,5407.3,-0.03,0.29,1.8
2013-06-17 03:00:00,004-MDNB,Narayanbagar,Pindar,30.1456,79.3936,41567,883.07,880.0,878.5,1878.4,-0.14,-0.31,-0.08
2013-06-17 03:00:00,004-MDNG,Joshimath (Marwari),Alaknanda,30.5592,79.5628,40816,1375.52,1374.5,1373.0,2436.8,-0.2,-0.51,-0.68
2013-06-17 03:00:00,004-MDNK,Nandprayag,Nandakini,30.3312,79.3175,NA,870.32,868.0,866.5,959.7,-0.1,-0.18,0.37
2013-06-17 03:00:00,004-MDPK,Pandukeshwar,Alaknanda,30.6359,79.5382,40813,1830.66,1828.0,1826.5,1592.4,-0.34,-0.91,-1.44
2013-06-17 03:00:00,004-MDTR,Tharali,Pindar,30.0687,79.5099,41693,1002.27,999.5,998.0,2056.4,-0.19,-0.44,-0.46
2013-06-17 04:00:00,004-MDBG,Birahi,Birahi Ganga,30.4013,79.4051,40971,1007.35,1005.0,1003.5,698.3,-0.16,-0.38,-0.39
2013-06-17 04:00:00,004-MDDG,Tapovan,Dhauliganga,30.4876,79.6267,40873,1795.98,1795.0,1793.5,1249.7,-0.32,-0.84,-1.32
2013-06-17 04:00:00,004-MDGC,Gauchar,Alaknanda,30.2873,79.1255,41274,755.18,752.0,750.5,5567.0,-0.02,0.24,1.47
2013-06-17 04:00:00,004-MDKP,Karnaprayag,Alaknanda,30.2584,79.2185,41445,779.7,775.0,773.5,5369.5,-0.07,-0.02,1.11
2013-06-17 04:00:00,004-MDNB,Narayanbagar,Pindar,30.1456,79.3936,41567,882.89,880.0,878.5,1839.4,-0.18,-0.43,-0.45
2013-06-17 04:00:00,004-MDNG,Joshimath (Marwari),Alaknanda,30.5592,79.5628,40816,1375.3,1374.5,1373.0,2364.5,-0.22,-0.59,-0.88
2013-06-17 04:00:00,004-MDNK,Nandprayag,Nandakini,30.3312,79.3175,NA,870.18,868.0,866.5,944.2,-0.14,-0.3,-0.07
2013-06-17 04:00:00,004-MDPK,Pandukeshwar,Alaknanda,30.6359,79.5382,40813,1830.3,1828.0,1826.5,1530.8,-0.36,-1.0,-1.67
2013-06-17 04:00:00,004-MDTR,Tharali,Pindar,30.0687,79.5099,41693,1002.05,999.5,998.0,2004.5,-0.22,-0.55,-0.75
2013-06-17 05:00:00,004-MDBG,Birahi,Birahi Ganga,30.4013,79.4051,40971,1007.16,1005.0,1003.5,680.8,-0.19,-0.47,-0.64
2013-06-17 05:00:00,004-MDDG,Tapovan,Dhauliganga,30.4876,79.6267,40873,1795.65,1795.0,1793.5,1201.7,-0.33,-0.93,-1.54
2013-06-17 05:00:00,004-MDGC,Gauchar,Alaknanda,30.2873,79.1255,41274,755.11,752.0,750.5,5528.2,-0.07,-0.02,0.9
2013-06-17 05:00:00,004-MDKP,Karnaprayag,Alaknanda,30.2584,79.2185,41445,779.57,775.0,773.5,5307.2,-0.13,-0.23,0.47
2013-06-17 05:00:00,004-MDNB,Narayanbagar,Pindar,30.1456,79.3936,41567,882.68,880.0,878.5,1792.9,-0.21,-0.53,-0.72
2013-06-17 05:00:00,004-MDNG,Joshimath (Marwari),Alaknanda,30.5592,79.5628,40816,1375.04,1374.5,1373.0,2284.0,-0.26,-0.68,-1.08
2013-06-17 05:00:00,004-MDNK,Nandprayag,Nandakini,30.3312,79.3175,NA,870.0,868.0,866.5,924.7,-0.18,-0.42,-0.44
2013-06-17 05:00:00,004-MDPK,Pandukeshwar,Alaknanda,30.6359,79.5382,40813,1829.9,1828.0,1826.5,1465.0,-0.4,-1.1,-1.89
2013-06-17 05:00:00,004-MDTR,Tharali,Pindar,30.0687,79.5099,41693,1001.79,999.5,998.0,1945.0,-0.26,-0.67,-0.99
2013-06-17 06:00:00,004-MDBG,Birahi,Birahi Ganga,30.4013,79.4051,40971,1006.94,1005.0,1003.5,660.7,-0.22,-0.57,-0.84
2013-06-17 06:00:00,004-MDDG,Tapovan,Dhauliganga,30.4876,79.6267,40873,1795.28,1795.0,1793.5,1150.5,-0.37,-1.02,-1.74
2013-06-17 06:00:00,004-MDGC,Gauchar,Alaknanda,30.2873,79.1255,41274,755.01,752.0,750.5,5464.2,-0.1,-0.19,0.38
2013-06-17 06:00:00,004-MDKP,Karnaprayag,Alaknanda,30.2584,79.2185,41445,779.39,775.0,773.5,5221.2,-0.18,-0.38,-0.09
2013-06-17 06:00:00,004-MDNB,Narayanbagar,Pindar,30.1456,79.3936,41567,882.44,880.0,878.5,1739.7,-0.24,-0.63,-0.94
2013-06-17 06:00:00,004-MDNG,Joshimath (Marwari),Alaknanda,30.5592,79.5628,40816,1374.76,1374.5,1373.0,2196.4,-0.28,-0.76,-1.27
2013-06-17 06:00:00,004-MDNK,Nandprayag,Nandakini,30.3312,79.3175,NA,869.79,868.0,866.5,901.5,-0.21,-0.53,-0.71
2013-06-17 06:00:00,004-MDPK,Pandukeshwar,Alaknanda,30.6359,79.5382,40813,1829.49,1828.0,1826.5,1395.9,-0.41,-1.17,-2.08
2013-06-17 06:00:00,004-MDTR,Tharali,Pindar,30.0687,79.5099,41693,1001.5,999.5,998.0,1878.7,-0.29,-0.77,-1.21
2013-06-17 07:00:00,004-MDBG,Birahi,Birahi Ganga,30.4013,79.4051,40971,1006.7,1005.0,1003.5,638.3,-0.24,-0.65,-1.03
2013-06-17 07:00:00,004-MDDG,Tapovan,Dhauliganga,30.4876,79.6267,40873,1794.9,1795.0,1793.5,1096.8,-0.38,-1.08,-1.92
2013-06-17 07:00:00,004-MDGC,Gauchar,Alaknanda,30.2873,79.1255,41274,754.86,752.0,750.5,5376.0,-0.15,-0.32,-0.08
2013-06-17 07:00:00,004-MDKP,Karnaprayag,Alaknanda,30.2584,79.2185,41445,779.16,775.0,773.5,5112.9,-0.23,-0.54,-0.56
2013-06-17 07:00:00,004-MDNB,Narayanbagar,Pindar,30.1456,79.3936,41567,882.16,880.0,878.5,1680.4,-0.28,-0.73,-1.16
2013-06-17 07:00:00,004-MDNG,Joshimath (Marwari),Alaknanda,30.5592,79.5628,40816,1374.47,1374.5,1373.0,2102.9,-0.29,-0.83,-1.42
2013-06-17 07:00:00,004-MDNK,Nandprayag,Nandakini,30.3312,79.3175,NA,869.55,868.0,866.5,874.8,-0.24,-0.63,-0.93
2013-06-17 07:00:00,004-MDPK,Pandukeshwar,Alaknanda,30.6359,79.5382,40813,1829.06,1828.0,1826.5,1324.3,-0.43,-1.24,-2.24
2013-06-17 07:00:00,004-MDTR,Tharali,Pindar,30.0687,79.5099,41693,1001.19,999.5,998.0,1806.6,-0.31,-0.86,-1.41
2013-06-17 08:00:00,004-MDBG,Birahi,Birahi Ganga,30.4013,79.4051,40971,1006.44,1005.0,1003.5,614.0,-0.26,-0.72,-1.19
2013-06-17 08:00:00,004-MDDG,Tapovan,Dhauliganga,30.4876,79.6267,40873,1794.51,1795.0,1793.5,1041.1,-0.39,-1.14,-2.07
2013-06-17 08:00:00,004-MDGC,Gauchar,Alaknanda,30.2873,79.1255,41274,754.68,752.0,750.5,5264.9,-0.18,-0.43,-0.45
2013-06-17 08:00:00,004-MDKP,Karnaprayag,Alaknanda,30.2584,79.2185,41445,778.9,775.0,773.5,4983.9,-0.26,-0.67,-0.9
2013-06-17 08:00:00,004-MDNB,Narayanbagar,Pindar,30.1456,79.3936,41567,881.87,880.0,878.5,1615.8,-0.29,-0.81,-1.34
2013-06-17 08:00:00,004-MDNG,Joshimath (Marwari),Alaknanda,30.5592,79.5628,40816,1374.16,1374.5,1373.0,2004.6,-0.31,-0.88,-1.56
2013-06-17 08:00:00,004-MDNK,Nandprayag,Nandakini,30.3312,79.3175,NA,869.28,868.0,866.5,845.2,-0.27,-0.72,-1.14
2013-06-17 08:00:00,004-MDPK,Pandukeshwar,Alaknanda,30.6359,79.5382,40813,1828.63,1828.0,1826.5,1251.1,-0.43,-1.27,-2.37
2013-06-17 08:00:00,004-MDTR,Tharali,Pindar,30.0687,79.5099,41693,1000.86,999.5,998.0,1729.7,-0.33,-0.93,-1.6
2013-06-17 09:00:00,004-MDBG,Birahi,Birahi Ganga,30.4013,79.4051,40971,1006.16,1005.0,1003.5,588.0,-0.28,-0.78,-1.35
2013-06-17 09:00:00,004-MDDG,Tapovan,Dhauliganga,30.4876,79.6267,40873,1794.11,1795.0,1793.5,984.2,-0.4,-1.17,-2.19
2013-06-17 09:00:00,004-MDGC,Gauchar,Alaknanda,30.2873,79.1255,41274,754.46,752.0,750.5,5132.5,-0.22,-0.55,-0.74
2013-06-17 09:00:00,004-MDKP,Karnaprayag,Alaknanda,30.2584,79.2185,41445,778.59,775.0,773.5,4836.0,-0.31,-0.8,-1.18
2013-06-17 09:00:00,004-MDNB,Narayanbagar,Pindar,30.1456,79.3936,41567,881.55,880.0,878.5,1547.0,-0.32,-0.89,-1.52
2013-06-17 09:00:00,004-MDNG,Joshimath (Marwari),Alaknanda,30.5592,79.5628,40816,1373.83,1374.5,1373.0,1902.9,-0.33,-0.93,-1.69
2013-06-17 09:00:00,004-MDNK,Nandprayag,Nandakini,30.3312,79.3175,NA,868.99,868.0,866.5,812.9,-0.29,-0.8,-1.33
2013-06-17 09:00:00,004-MDPK,Pandukeshwar,Alaknanda,30.6359,79.5382,40813,1828.19,1828.0,1826.5,1177.2,-0.44,-1.3,-2.47
2013-06-17 09:00:00,004-MDTR,Tharali,Pindar,30.0687,79.5099,41693,1000.52,999.5,998.0,1648.8,-0.34,-0.98,-1.75
2013-06-17 10:00:00,004-MDBG,Birahi,Birahi Ganga,30.4013,79.4051,40971,1005.86,1005.0,1003.5,560.7,-0.3,-0.84,-1.49
2013-06-17 10:00:00,004-MDDG,Tapovan,Dhauliganga,30.4876,79.6267,40873,1793.7,1795.0,1793.5,926.7,-0.41,-1.2,-2.28
2013-06-17 10:00:00,004-MDGC,Gauchar,Alaknanda,30.2873,79.1255,41274,754.21,752.0,750.5,4980.7,-0.25,-0.65,-0.97
2013-06-17 10:00:00,004-MDKP,Karnaprayag,Alaknanda,30.2584,79.2185,41445,778.25,775.0,773.5,4671.3,-0.34,-0.91,-1.45
2013-06-17 10:00:00,004-MDNB,Narayanbagar,Pindar,30.1456,79.3936,41567,881.22,880.0,878.5,1474.6,-0.33,-0.94,-1.67
2013-06-17 10:00:00,004-MDNG,Joshimath (Marwari),Alaknanda,30.5592,79.5628,40816,1373.5,1374.5,1373.0,1799.0,-0.33,-0.97,-1.8
2013-06-17 10:00:00,004-MDNK,Nandprayag,Nandakini,30.3312,79.3175,NA,868.68,868.0,866.5,778.5,-0.31,-0.87,-1.5
2013-06-17 10:00:00,004-MDPK,Pandukeshwar,Alaknanda,30.6359,79.5382,40813,1827.75,1828.0,1826.5,1103.2,-0.44,-1.31,-2.55
2013-06-17 10:00:00,004-MDTR,Tharali,Pindar,30.0687,79.5099,41693,1000.16,999.5,998.0,1565.1,-0.36,-1.03,-1.89
2013-06-17 11:00:00,004-MDBG,Birahi,Birahi Ganga,30.4013,79.4051,40971,1005.56,1005.0,1003.5,532.5,-0.3,-0.88,-1.6
2013-06-17 11:00:00,004-MDDG,Tapovan,Dhauliganga,30.4876,79.6267,40873,1793.29,1795.0,1793.5,869.2,-0.41,-1.22,-2.36
2013-06-17 11:00:00,004-MDGC,Gauchar,Alaknanda,30.2873,79.1255,41274,753.93,752.0,750.5,4811.8,-0.28,-0.75,-1.18
2013-06-17 11:00:00,004-MDKP,Karnaprayag,Alaknanda,30.2584,79.2185,41445,777.88,775.0,773.5,4492.2,-0.37,-1.02,-1.69
2013-06-17 11:00:00,004-MDNB,Narayanbagar,Pindar,30.1456,79.3936,41567,880.88,880.0,878.5,1399.7,-0.34,-0.99,-1.8
2013-06-17 11:00:00,004-MDNG,Joshimath (Marwari),Alaknanda,30.5592,79.5628,40816,1373.17,1374.5,1373.0,1693.9,-0.33,-0.99,-1.87
2013-06-17 11:00:00,004-MDNK,Nandprayag,Nandakini,30.3312,79.3175,NA,868.35,868.0,866.5,742.3,-0.33,-0.93,-1.65
2013-06-17 11:00:00,004-MDPK,Pandukeshwar,Alaknanda,30.6359,79.5382,40813,1827.31,1828.0,1826.5,1030.0,-0.44,-1.32,-2.59
2013-06-17 11:00:00,004-MDTR,Tharali,Pindar,30.0687,79.5099,41693,999.79,999.5,998.0,1479.6,-0.37,-1.07,-2.0
2013-06-17 12:00:00,004-MDBG,Birahi,Birahi Ganga,30.4013,79.4051,40971,1005.24,1005.0,1003.5,503.6,-0.32,-0.92,-1.7
2013-06-17 12:00:00,004-MDDG,Tapovan,Dhauliganga,30.4876,79.6267,40873,1792.89,1795.0,1793.5,812.2,-0.4,-1.22,-2.39
2013-06-17 12:00:00,004-MDGC,Gauchar,Alaknanda,30.2873,79.1255,41274,753.63,752.0,750.5,4627.9,-0.3,-0.83,-1.38
2013-06-17 12:00:00,004-MDKP,Karnaprayag,Alaknanda,30.2584,79.2185,41445,777.48,775.0,773.5,4300.9,-0.4,-1.11,-1.91
2013-06-17 12:00:00,004-MDNB,Narayanbagar,Pindar,30.1456,79.3936,41567,880.53,880.0,878.5,1323.1,-0.35,-1.02,-1.91
2013-06-17 12:00:00,004-MDNG,Joshimath (Marwari),Alaknanda,30.5592,79.5628,40816,1372.84,1374.5,1373.0,1588.8,-0.33,-0.99,-1.92
2013-06-17 12:00:00,004-MDNK,Nandprayag,Nandakini,30.3312,79.3175,NA,868.01,868.0,866.5,704.8,-0.34,-0.98,-1.78
2013-06-17 12:00:00,004-MDPK,Pandukeshwar,Alaknanda,30.6359,79.5382,40813,1826.88,1828.0,1826.5,958.1,-0.43,-1.31,-2.61
2013-06-17 12:00:00,004-MDTR,Tharali,Pindar,30.0687,79.5099,41693,999.42,999.5,998.0,1393.1,-0.37,-1.1,-2.08
2021-02-07 08:00:00,004-MDDG,Tapovan,Dhauliganga,30.4876,79.6267,40873,1789.38,1795.0,1793.5,280.6,NA,NA,NA
2021-02-07 08:00:00,004-MDGC,Gauchar,Alaknanda,30.2873,79.1255,41274,745.8,752.0,750.5,125.0,NA,NA,NA
2021-02-07 08:00:00,004-MDKP,Karnaprayag,Alaknanda,30.2584,79.2185,41445,768.4,775.0,773.5,110.4,NA,NA,NA
2021-02-07 08:00:00,004-MDNG,Joshimath (Marwari),Alaknanda,30.5592,79.5628,40816,1368.0,1374.5,1373.0,109.4,NA,NA,NA
2021-02-07 08:00:00,004-MDNK,Nandprayag,Nandakini,30.3312,79.3175,NA,861.51,868.0,866.5,28.4,NA,NA,NA
2021-02-07 09:00:00,004-MDDG,Tapovan,Dhauliganga,30.4876,79.6267,40873,1793.21,1795.0,1793.5,781.2,3.83,NA,NA
2021-02-07 09:00:00,004-MDGC,Gauchar,Alaknanda,30.2873,79.1255,41274,745.8,752.0,750.5,125.4,0.0,NA,NA
2021-02-07 09:00:00,004-MDKP,Karnaprayag,Alaknanda,30.2584,79.2185,41445,768.42,775.0,773.5,114.4,0.02,NA,NA
2021-02-07 09:00:00,004-MDNG,Joshimath (Marwari),Alaknanda,30.5592,79.5628,40816,1368.75,1374.5,1373.0,275.4,0.75,NA,NA
2021-02-07 09:00:00,004-MDNK,Nandprayag,Nandakini,30.3312,79.3175,NA,861.58,868.0,866.5,30.6,0.07,NA,NA
2021-02-07 10:00:00,004-MDDG,Tapovan,Dhauliganga,30.4876,79.6267,40873,1798.63,1795.0,1793.5,1488.3,5.42,NA,NA
2021-02-07 10:00:00,004-MDGC,Gauchar,Alaknanda,30.2873,79.1255,41274,745.81,752.0,750.5,129.2,0.01,NA,NA
2021-02-07 10:00:00,004-MDKP,Karnaprayag,Alaknanda,30.2584,79.2185,41445,768.53,775.0,773.5,142.6,0.11,NA,NA
2021-02-07 10:00:00,004-MDNG,Joshimath (Marwari),Alaknanda,30.5592,79.5628,40816,1370.68,1374.5,1373.0,704.3,1.93,NA,NA
2021-02-07 10:00:00,004-MDNK,Nandprayag,Nandakini,30.3312,79.3175,NA,861.87,868.0,866.5,40.5,0.29,NA,NA
2021-02-07 11:00:00,004-MDDG,Tapovan,Dhauliganga,30.4876,79.6267,40873,1801.4,1795.0,1793.5,1850.0,2.77,12.02,NA
2021-02-07 11:00:00,004-MDGC,Gauchar,Alaknanda,30.2873,79.1255,41274,745.91,752.0,750.5,156.3,0.1,0.11,NA
2021-02-07 11:00:00,004-MDKP,Karnaprayag,Alaknanda,30.2584,79.2185,41445,769.0,775.0,773.5,264.3,0.47,0.6,NA
2021-02-07 11:00:00,004-MDNG,Joshimath (Marwari),Alaknanda,30.5592,79.5628,40816,1373.41,1374.5,1373.0,1310.1,2.73,5.41,NA
2021-02-07 11:00:00,004-MDNK,Nandprayag,Nandakini,30.3312,79.3175,NA,862.61,868.0,866.5,65.8,0.74,1.1,NA
2021-02-07 12:00:00,004-MDDG,Tapovan,Dhauliganga,30.4876,79.6267,40873,1800.84,1795.0,1793.5,1777.4,-0.56,7.63,NA
2021-02-07 12:00:00,004-MDGC,Gauchar,Alaknanda,30.2873,79.1255,41274,746.3,752.0,750.5,273.2,0.39,0.5,NA
2021-02-07 12:00:00,004-MDKP,Karnaprayag,Alaknanda,30.2584,79.2185,41445,770.21,775.0,773.5,578.7,1.21,1.79,NA
2021-02-07 12:00:00,004-MDNG,Joshimath (Marwari),Alaknanda,30.5592,79.5628,40816,1374.8,1374.5,1373.0,1620.0,1.39,6.05,NA
2021-02-07 12:00:00,004-MDNK,Nandprayag,Nandakini,30.3312,79.3175,NA,863.66,868.0,866.5,101.7,1.05,2.08,NA
2021-02-07 13:00:00,004-MDDG,Tapovan,Dhauliganga,30.4876,79.6267,40873,1799.31,1795.0,1793.5,1576.6,-1.53,0.68,NA
2021-02-07 13:00:00,004-MDGC,Gauchar,Alaknanda,30.2873,79.1255,41274,747.32,752.0,750.5,575.2,1.02,1.51,NA
2021-02-07 13:00:00,004-MDKP,Karnaprayag,Alaknanda,30.2584,79.2185,41445,771.92,775.0,773.5,1022.8,1.71,3.39,NA
2021-02-07 13:00:00,004-MDNG,Joshimath (Marwari),Alaknanda,30.5592,79.5628,40816,1374.52,1374.5,1373.0,1557.8,-0.28,3.84,NA
2021-02-07 13:00:00,004-MDNK,Nandprayag,Nandakini,30.3312,79.3175,NA,864.2,868.0,866.5,120.0,0.54,2.33,NA
2021-02-07 14:00:00,004-MDDG,Tapovan,Dhauliganga,30.4876,79.6267,40873,1797.13,1795.0,1793.5,1292.0,-2.18,-4.27,7.75
2021-02-07 14:00:00,004-MDGC,Gauchar,Alaknanda,30.2873,79.1255,41274,748.76,752.0,750.5,1001.8,1.44,2.85,2.96
2021-02-07 14:00:00,004-MDKP,Karnaprayag,Alaknanda,30.2584,79.2185,41445,772.8,775.0,773.5,1250.0,0.88,3.8,4.4
2021-02-07 14:00:00,004-MDNG,Joshimath (Marwari),Alaknanda,30.5592,79.5628,40816,1373.75,1374.5,1373.0,1385.8,-0.77,0.34,5.75
2021-02-07 14:00:00,004-MDNK,Nandprayag,Nandakini,30.3312,79.3175,NA,864.09,868.0,866.5,116.3,-0.11,1.48,2.58
2021-02-07 15:00:00,004-MDDG,Tapovan,Dhauliganga,30.4876,79.6267,40873,1794.73,1795.0,1793.5,979.6,-2.4,-6.11,1.52
2021-02-07 15:00:00,004-MDGC,Gauchar,Alaknanda,30.2873,79.1255,41274,749.5,752.0,750.5,1220.0,0.74,3.2,3.7
2021-02-07 15:00:00,004-MDKP,Karnaprayag,Alaknanda,30.2584,79.2185,41445,772.62,775.0,773.5,1204.4,-0.18,2.41,4.2
2021-02-07 15:00:00,004-MDNG,Joshimath (Marwari),Alaknanda,30.5592,79.5628,40816,1372.65,1374.5,1373.0,1141.9,-1.1,-2.15,3.9
2021-02-07 15:00:00,004-MDNK,Nandprayag,Nandakini,30.3312,79.3175,NA,863.79,868.0,866.5,106.1,-0.3,0.13,2.21
2021-02-07 16:00:00,004-MDDG,Tapovan,Dhauliganga,30.4876,79.6267,40873,1792.51,1795.0,1793.5,689.2,-2.22,-6.8,-6.12
2021-02-07 16:00:00,004-MDGC,Gauchar,Alaknanda,30.2873,79.1255,41274,749.35,752.0,750.5,1176.2,-0.15,2.03,3.54
2021-02-07 16:00:00,004-MDKP,Karnaprayag,Alaknanda,30.2584,79.2185,41445,772.14,775.0,773.5,1078.3,-0.48,0.22,3.61
2021-02-07 16:00:00,004-MDNG,Joshimath (Marwari),Alaknanda,30.5592,79.5628,40816,1371.44,1374.5,1373.0,874.3,-1.21,-3.08,0.76
2021-02-07 16:00:00,004-MDNK,Nandprayag,Nandakini,30.3312,79.3175,NA,863.37,868.0,866.5,91.7,-0.42,-0.83,1.5
2021-02-07 17:00:00,004-MDDG,Tapovan,Dhauliganga,30.4876,79.6267,40873,1790.7,1795.0,1793.5,452.6,-1.81,-6.43,-10.7
2021-02-07 17:00:00,004-MDGC,Gauchar,Alaknanda,30.2873,79.1255,41274,748.94,752.0,750.5,1055.1,-0.41,0.18,3.03
2021-02-07 17:00:00,004-MDKP,Karnaprayag,Alaknanda,30.2584,79.2185,41445,771.45,775.0,773.5,899.5,-0.69,-1.35,2.45
2021-02-07 17:00:00,004-MDNG,Joshimath (Marwari),Alaknanda,30.5592,79.5628,40816,1370.32,1374.5,1373.0,625.5,-1.12,-3.43,-3.09
2021-02-07 17:00:00,004-MDNK,Nandprayag,Nandakini,30.3312,79.3175,NA,862.91,868.0,866.5,75.9,-0.46,-1.18,0.3
2021-02-07 18:00:00,004-MDDG,Tapovan,Dhauliganga,30.4876,79.6267,40873,1789.38,1795.0,1793.5,280.6,-1.32,-5.35,-11.46
2021-02-07 18:00:00,004-MDGC,Gauchar,Alaknanda,30.2873,79.1255,41274,748.36,752.0,750.5,883.4,-0.58,-1.14,2.06
2021-02-07 18:00:00,004-MDKP,Karnaprayag,Alaknanda,30.2584,79.2185,41445,770.69,775.0,773.5,703.3,-0.76,-1.93,0.48
2021-02-07 18:00:00,004-MDNG,Joshimath (Marwari),Alaknanda,30.5592,79.5628,40816,1369.41,1374.5,1373.0,422.8,-0.91,-3.24,-5.39
2021-02-07 18:00:00,004-MDNK,Nandprayag,Nandakini,30.3312,79.3175,NA,862.47,868.0,866.5,61.2,-0.44,-1.32,-1.19
2021-02-07 19:00:00,004-MDDG,Tapovan,Dhauliganga,30.4876,79.6267,40873,1788.52,1795.0,1793.5,168.2,-0.86,-3.99,-10.79
2021-02-07 19:00:00,004-MDGC,Gauchar,Alaknanda,30.2873,79.1255,41274,747.73,752.0,750.5,694.9,-0.63,-1.62,0.41
2021-02-07 19:00:00,004-MDKP,Karnaprayag,Alaknanda,30.2584,79.2185,41445,769.99,775.0,773.5,520.9,-0.7,-2.15,-1.93
2021-02-07 19:00:00,004-MDNG,Joshimath (Marwari),Alaknanda,30.5592,79.5628,40816,1368.75,1374.5,1373.0,275.4,-0.66,-2.69,-5.77
2021-02-07 19:00:00,004-MDNK,Nandprayag,Nandakini,30.3312,79.3175,NA,862.12,868.0,866.5,49.2,-0.35,-1.25,-2.08
2021-02-07 20:00:00,004-MDDG,Tapovan,Dhauliganga,30.4876,79.6267,40873,1788.01,1795.0,1793.5,101.5,-0.51,-2.69,-9.12
2021-02-07 20:00:00,004-MDGC,Gauchar,Alaknanda,30.2873,79.1255,41274,747.13,752.0,750.5,519.7,-0.6,-1.81,-1.63
2021-02-07 20:00:00,004-MDKP,Karnaprayag,Alaknanda,30.2584,79.2185,41445,769.41,775.0,773.5,372.3,-0.58,-2.04,-3.39
2021-02-07 20:00:00,004-MDNG,Joshimath (Marwari),Alaknanda,30.5592,79.5628,40816,1368.31,1374.5,1373.0,179.1,-0.44,-2.01,-5.44
2021-02-07 20:00:00,004-MDNK,Nandprayag,Nandakini,30.3312,79.3175,NA,861.87,868.0,866.5,40.5,-0.25,-1.04,-2.22
2021-10-18 06:00:00,004-MDBG,Birahi,Birahi Ganga,30.4013,79.4051,40971,1000.46,1005.0,1003.5,66.1,NA,NA,NA
2021-10-18 06:00:00,004-MDKP,Karnaprayag,Alaknanda,30.2584,79.2185,41445,769.3,775.0,773.5,370.2,NA,NA,NA
2021-10-18 06:00:00,004-MDNB,Narayanbagar,Pindar,30.1456,79.3936,41567,875.16,880.0,878.5,164.3,NA,NA,NA
2021-10-18 06:00:00,004-MDNG,Joshimath (Marwari),Alaknanda,30.5592,79.5628,40816,1368.38,1374.5,1373.0,230.0,NA,NA,NA
2021-10-18 06:00:00,004-MDNK,Nandprayag,Nandakini,30.3312,79.3175,NA,862.27,868.0,866.5,89.2,NA,NA,NA
2021-10-18 06:00:00,004-MDTR,Tharali,Pindar,30.0687,79.5099,41693,994.29,999.5,998.0,211.9,NA,NA,NA
2021-10-18 07:00:00,004-MDBG,Birahi,Birahi Ganga,30.4013,79.4051,40971,1000.61,1005.0,1003.5,78.3,0.15,NA,NA
2021-10-18 07:00:00,004-MDKP,Karnaprayag,Alaknanda,30.2584,79.2185,41445,769.37,775.0,773.5,406.1,0.07,NA,NA
2021-10-18 07:00:00,004-MDNB,Narayanbagar,Pindar,30.1456,79.3936,41567,875.26,880.0,878.5,189.8,0.1,NA,NA
2021-10-18 07:00:00,004-MDNG,Joshimath (Marwari),Alaknanda,30.5592,79.5628,40816,1368.49,1374.5,1373.0,262.5,0.11,NA,NA
2021-10-18 07:00:00,004-MDNK,Nandprayag,Nandakini,30.3312,79.3175,NA,862.43,868.0,866.5,106.2,0.16,NA,NA
2021-10-18 07:00:00,004-MDTR,Tharali,Pindar,30.0687,79.5099,41693,994.46,999.5,998.0,253.8,0.17,NA,NA
2021-10-18 08:00:00,004-MDBG,Birahi,Birahi Ganga,30.4013,79.4051,40971,1000.82,1005.0,1003.5,95.8,0.21,NA,NA
2021-10-18 08:00:00,004-MDKP,Karnaprayag,Alaknanda,30.2584,79.2185,41445,769.48,775.0,773.5,462.0,0.11,NA,NA
2021-10-18 08:00:00,004-MDNB,Narayanbagar,Pindar,30.1456,79.3936,41567,875.41,880.0,878.5,227.7,0.15,NA,NA
2021-10-18 08:00:00,004-MDNG,Joshimath (Marwari),Alaknanda,30.5592,79.5628,40816,1368.66,1374.5,1373.0,310.7,0.17,NA,NA
2021-10-18 08:00:00,004-MDNK,Nandprayag,Nandakini,30.3312,79.3175,NA,862.65,868.0,866.5,130.4,0.22,NA,NA
2021-10-18 08:00:00,004-MDTR,Tharali,Pindar,30.0687,79.5099,41693,994.7,999.5,998.0,313.2,0.24,NA,NA
2021-10-18 09:00:00,004-MDBG,Birahi,Birahi Ganga,30.4013,79.4051,40971,1001.11,1005.0,1003.5,119.2,0.29,0.65,NA
2021-10-18 09:00:00,004-MDKP,Karnaprayag,Alaknanda,30.2584,79.2185,41445,769.64,775.0,773.5,545.0,0.16,0.34,NA
2021-10-18 09:00:00,004-MDNB,Narayanbagar,Pindar,30.1456,79.3936,41567,875.62,880.0,878.5,281.3,0.21,0.46,NA
2021-10-18 09:00:00,004-MDNG,Joshimath (Marwari),Alaknanda,30.5592,79.5628,40816,1368.9,1374.5,1373.0,378.9,0.24,0.52,NA
2021-10-18 09:00:00,004-MDNK,Nandprayag,Nandakini,30.3312,79.3175,NA,862.95,868.0,866.5,162.9,0.3,0.68,NA
2021-10-18 09:00:00,004-MDTR,Tharali,Pindar,30.0687,79.5099,41693,995.03,999.5,998.0,393.3,0.33,0.74,NA
2021-10-18 10:00:00,004-MDBG,Birahi,Birahi Ganga,30.4013,79.4051,40971,1001.48,1005.0,1003.5,149.3,0.37,0.87,NA
2021-10-18 10:00:00,004-MDKP,Karnaprayag,Alaknanda,30.2584,79.2185,41445,769.88,775.0,773.5,662.4,0.24,0.51,NA
2021-10-18 10:00:00,004-MDNB,Narayanbagar,Pindar,30.1456,79.3936,41567,875.91,880.0,878.5,353.6,0.29,0.65,NA
2021-10-18 10:00:00,004-MDNG,Joshimath (Marwari),Alaknanda,30.5592,79.5628,40816,1369.23,1374.5,1373.0,470.9,0.33,0.74,NA
2021-10-18 10:00:00,004-MDNK,Nandprayag,Nandakini,30.3312,79.3175,NA,863.33,868.0,866.5,204.6,0.38,0.9,NA
2021-10-18 10:00:00,004-MDTR,Tharali,Pindar,30.0687,79.5099,41693,995.45,999.5,998.0,495.9,0.42,0.99,NA
2021-10-18 11:00:00,004-MDBG,Birahi,Birahi Ganga,30.4013,79.4051,40971,1001.93,1005.0,1003.5,185.7,0.45,1.11,NA
2021-10-18 11:00:00,004-MDKP,Karnaprayag,Alaknanda,30.2584,79.2185,41445,770.19,775.0,773.5,820.7,0.31,0.71,NA
2021-10-18 11:00:00,004-MDNB,Narayanbagar,Pindar,30.1456,79.3936,41567,876.28,880.0,878.5,446.1,0.37,0.87,NA
2021-10-18 11:00:00,004-MDNG,Joshimath (Marwari),Alaknanda,30.5592,79.5628,40816,1369.65,1374.5,1373.0,588.7,0.42,0.99,NA
2021-10-18 11:00:00,004-MDNK,Nandprayag,Nandakini,30.3312,79.3175,NA,863.8,868.0,866.5,255.2,0.47,1.15,NA
2021-10-18 11:00:00,004-MDTR,Tharali,Pindar,30.0687,79.5099,41693,995.95,999.5,998.0,620.4,0.5,1.25,NA
2021-10-18 12:00:00,004-MDBG,Birahi,Birahi Ganga,30.4013,79.4051,40971,1002.44,1005.0,1003.5,227.5,0.51,1.33,1.98
2021-10-18 12:00:00,004-MDKP,Karnaprayag,Alaknanda,30.2584,79.2185,41445,770.59,775.0,773.5,1023.4,0.4,0.95,1.29
2021-10-18 12:00:00,004-MDNB,Narayanbagar,Pindar,30.1456,79.3936,41567,876.73,880.0,878.5,558.5,0.45,1.11,1.57
2021-10-18 12:00:00,004-MDNG,Joshimath (Marwari),Alaknanda,30.5592,79.5628,40816,1370.15,1374.5,1373.0,731.7,0.5,1.25,1.77
2021-10-18 12:00:00,004-MDNK,Nandprayag,Nandakini,30.3312,79.3175,NA,864.34,868.0,866.5,313.1,0.54,1.39,2.07
2021-10-18 12:00:00,004-MDTR,Tharali,Pindar,30.0687,79.5099,41693,996.53,999.5,998.0,763.0,0.58,1.5,2.24
2021-10-18 13:00:00,004-MDBG,Birahi,Birahi Ganga,30.4013,79.4051,40971,1002.99,1005.0,1003.5,272.4,0.55,1.51,2.38
2021-10-18 13:00:00,004-MDKP,Karnaprayag,Alaknanda,30.2584,79.2185,41445,771.08,775.0,773.5,1269.5,0.49,1.2,1.71
2021-10-18 13:00:00,004-MDNB,Narayanbagar,Pindar,30.1456,79.3936,41567,877.24,880.0,878.5,687.2,0.51,1.33,1.98
2021-10-18 13:00:00,004-MDNG,Joshimath (Marwari),Alaknanda,30.5592,79.5628,40816,1370.73,1374.5,1373.0,895.5,0.58,1.5,2.24
2021-10-18 13:00:00,004-MDNK,Nandprayag,Nandakini,30.3312,79.3175,NA,864.91,868.0,866.5,375.4,0.57,1.58,2.48
2021-10-18 13:00:00,004-MDTR,Tharali,Pindar,30.0687,79.5099,41693,997.15,999.5,998.0,916.4,0.62,1.7,2.69
2021-10-18 14:00:00,004-MDBG,Birahi,Birahi Ganga,30.4013,79.4051,40971,1003.54,1005.0,1003.5,317.3,0.55,1.61,2.72
2021-10-18 14:00:00,004-MDKP,Karnaprayag,Alaknanda,30.2584,79.2185,41445,771.63,775.0,773.5,1551.5,0.55,1.44,2.15
2021-10-18 14:00:00,004-MDNB,Narayanbagar,Pindar,30.1456,79.3936,41567,877.79,880.0,878.5,825.5,0.55,1.51,2.38
2021-10-18 14:00:00,004-MDNG,Joshimath (Marwari),Alaknanda,30.5592,79.5628,40816,1371.35,1374.5,1373.0,1071.6,0.62,1.7,2.69
2021-10-18 14:00:00,004-MDNK,Nandprayag,Nandakini,30.3312,79.3175,NA,865.49,868.0,866.5,437.6,0.58,1.69,2.84
2021-10-18 14:00:00,004-MDTR,Tharali,Pindar,30.0687,79.5099,41693,997.78,999.5,998.0,1069.5,0.63,1.83,3.08
2021-10-18 15:00:00,004-MDBG,Birahi,Birahi Ganga,30.4013,79.4051,40971,1004.04,1005.0,1003.5,358.2,0.5,1.6,2.93
2021-10-18 15:00:00,004-MDKP,Karnaprayag,Alaknanda,30.2584,79.2185,41445,772.23,775.0,773.5,1854.5,0.6,1.64,2.59
2021-10-18 15:00:00,004-MDNB,Narayanbagar,Pindar,30.1456,79.3936,41567,878.34,880.0,878.5,963.7,0.55,1.61,2.72
2021-10-18 15:00:00,004-MDNG,Joshimath (Marwari),Alaknanda,30.5592,79.5628,40816,1371.98,1374.5,1373.0,1247.4,0.63,1.83,3.08
2021-10-18 15:00:00,004-MDNK,Nandprayag,Nandakini,30.3312,79.3175,NA,866.01,868.0,866.5,494.3,0.52,1.67,3.06
2021-10-18 15:00:00,004-MDTR,Tharali,Pindar,30.0687,79.5099,41693,998.34,999.5,998.0,1209.1,0.56,1.81,3.31
2021-10-18 16:00:00,004-MDBG,Birahi,Birahi Ganga,30.4013,79.4051,40971,1004.45,1005.0,1003.5,391.2,0.41,1.46,2.97
2021-10-18 16:00:00,004-MDKP,Karnaprayag,Alaknanda,30.2584,79.2185,41445,772.83,775.0,773.5,2157.2,0.6,1.75,2.95
2021-10-18 16:00:00,004-MDNB,Narayanbagar,Pindar,30.1456,79.3936,41567,878.84,880.0,878.5,1089.7,0.5,1.6,2.93
2021-10-18 16:00:00,004-MDNG,Joshimath (Marwari),Alaknanda,30.5592,79.5628,40816,1372.54,1374.5,1373.0,1407.8,0.56,1.81,3.31
2021-10-18 16:00:00,004-MDNK,Nandprayag,Nandakini,30.3312,79.3175,NA,866.43,868.0,866.5,540.0,0.42,1.52,3.1
2021-10-18 16:00:00,004-MDTR,Tharali,Pindar,30.0687,79.5099,41693,998.8,999.5,998.0,1321.6,0.46,1.65,3.35
2021-10-18 17:00:00,004-MDBG,Birahi,Birahi Ganga,30.4013,79.4051,40971,1004.71,1005.0,1003.5,412.6,0.26,1.17,2.78
2021-10-18 17:00:00,004-MDKP,Karnaprayag,Alaknanda,30.2584,79.2185,41445,773.38,775.0,773.5,2433.2,0.55,1.75,3.19
2021-10-18 17:00:00,004-MDNB,Narayanbagar,Pindar,30.1456,79.3936,41567,879.25,880.0,878.5,1191.2,0.41,1.46,2.97
2021-10-18 17:00:00,004-MDNG,Joshimath (Marwari),Alaknanda,30.5592,79.5628,40816,1373.0,1374.5,1373.0,1537.0,0.46,1.65,3.35
2021-10-18 17:00:00,004-MDNK,Nandprayag,Nandakini,30.3312,79.3175,NA,866.7,868.0,866.5,569.7,0.27,1.21,2.9
2021-10-18 17:00:00,004-MDTR,Tharali,Pindar,30.0687,79.5099,41693,999.1,999.5,998.0,1394.7,0.3,1.32,3.15
2021-10-18 18:00:00,004-MDBG,Birahi,Birahi Ganga,30.4013,79.4051,40971,1004.8,1005.0,1003.5,420.0,0.09,0.76,2.36
2021-10-18 18:00:00,004-MDKP,Karnaprayag,Alaknanda,30.2584,79.2185,41445,773.82,775.0,773.5,2655.5,0.44,1.59,3.23
2021-10-18 18:00:00,004-MDNB,Narayanbagar,Pindar,30.1456,79.3936,41567,879.51,880.0,878.5,1257.1,0.26,1.17,2.78
2021-10-18 18:00:00,004-MDNG,Joshimath (Marwari),Alaknanda,30.5592,79.5628,40816,1373.3,1374.5,1373.0,1620.9,0.3,1.32,3.15
2021-10-18 18:00:00,004-MDNK,Nandprayag,Nandakini,30.3312,79.3175,NA,866.8,868.0,866.5,580.0,0.1,0.79,2.46
2021-10-18 18:00:00,004-MDTR,Tharali,Pindar,30.0687,79.5099,41693,999.2,999.5,998.0,1420.0,0.1,0.86,2.67
2021-10-18 19:00:00,004-MDBG,Birahi,Birahi Ganga,30.4013,79.4051,40971,1004.77,1005.0,1003.5,417.7,-0.03,0.32,1.78
2021-10-18 19:00:00,004-MDKP,Karnaprayag,Alaknanda,30.2584,79.2185,41445,774.1,775.0,773.5,2799.9,0.28,1.27,3.02
2021-10-18 19:00:00,004-MDNB,Narayanbagar,Pindar,30.1456,79.3936,41567,879.6,880.0,878.5,1280.0,0.09,0.76,2.36
2021-10-18 19:00:00,004-MDNG,Joshimath (Marwari),Alaknanda,30.5592,79.5628,40816,1373.4,1374.5,1373.0,1650.0,0.1,0.86,2.67
2021-10-18 19:00:00,004-MDNK,Nandprayag,Nandakini,30.3312,79.3175,NA,866.77,868.0,866.5,576.8,-0.03,0.34,1.86
2021-10-18 19:00:00,004-MDTR,Tharali,Pindar,30.0687,79.5099,41693,999.17,999.5,998.0,1412.1,-0.03,0.37,2.02
2021-10-18 20:00:00,004-MDBG,Birahi,Birahi Ganga,30.4013,79.4051,40971,1004.69,1005.0,1003.5,410.9,-0.08,-0.02,1.15
2021-10-18 20:00:00,004-MDKP,Karnaprayag,Alaknanda,30.2584,79.2185,41445,774.2,775.0,773.5,2850.0,0.1,0.82,2.57
2021-10-18 20:00:00,004-MDNB,Narayanbagar,Pindar,30.1456,79.3936,41567,879.57,880.0,878.5,1272.9,-0.03,0.32,1.78
2021-10-18 20:00:00,004-MDNG,Joshimath (Marwari),Alaknanda,30.5592,79.5628,40816,1373.37,1374.5,1373.0,1641.0,-0.03,0.37,2.02
2021-10-18 20:00:00,004-MDNK,Nandprayag,Nandakini,30.3312,79.3175,NA,866.68,868.0,866.5,567.3,-0.09,-0.02,1.19
2021-10-18 20:00:00,004-MDTR,Tharali,Pindar,30.0687,79.5099,41693,999.07,999.5,998.0,1388.8,-0.1,-0.03,1.29
2021-10-18 21:00:00,004-MDBG,Birahi,Birahi Ganga,30.4013,79.4051,40971,1004.55,1005.0,1003.5,399.7,-0.14,-0.25,0.51
2021-10-18 21:00:00,004-MDKP,Karnaprayag,Alaknanda,30.2584,79.2185,41445,774.17,775.0,773.5,2834.4,-0.03,0.35,1.94
2021-10-18 21:00:00,004-MDNB,Narayanbagar,Pindar,30.1456,79.3936,41567,879.49,880.0,878.5,1251.8,-0.08,-0.02,1.15
2021-10-18 21:00:00,004-MDNG,Joshimath (Marwari),Alaknanda,30.5592,79.5628,40816,1373.27,1374.5,1373.0,1614.1,-0.1,-0.03,1.29
2021-10-18 21:00:00,004-MDNK,Nandprayag,Nandakini,30.3312,79.3175,NA,866.54,868.0,866.5,551.9,-0.14,-0.26,0.53
2021-10-18 21:00:00,004-MDTR,Tharali,Pindar,30.0687,79.5099,41693,998.92,999.5,998.0,1350.8,-0.15,-0.28,0.58
2021-10-18 22:00:00,004-MDBG,Birahi,Birahi Ganga,30.4013,79.4051,40971,1004.37,1005.0,1003.5,384.7,-0.18,-0.4,-0.08
2021-10-18 22:00:00,004-MDKP,Karnaprayag,Alaknanda,30.2584,79.2185,41445,774.08,775.0,773.5,2788.3,-0.09,-0.02,1.25
2021-10-18 22:00:00,004-MDNB,Narayanbagar,Pindar,30.1456,79.3936,41567,879.35,880.0,878.5,1217.6,-0.14,-0.25,0.51
2021-10-18 22:00:00,004-MDNG,Joshimath (Marwari),Alaknanda,30.5592,79.5628,40816,1373.12,1374.5,1373.0,1570.6,-0.15,-0.28,0.58
2021-10-18 22:00:00,004-MDNK,Nandprayag,Nandakini,30.3312,79.3175,NA,866.35,868.0,866.5,531.1,-0.19,-0.42,-0.08
2021-10-18 22:00:00,004-MDTR,Tharali,Pindar,30.0687,79.5099,41693,998.71,999.5,998.0,1299.6,-0.21,-0.46,-0.09
2021-10-18 23:00:00,004-MDBG,Birahi,Birahi Ganga,30.4013,79.4051,40971,1004.14,1005.0,1003.5,366.4,-0.23,-0.55,-0.57
2021-10-18 23:00:00,004-MDKP,Karnaprayag,Alaknanda,30.2584,79.2185,41445,773.93,775.0,773.5,2713.3,-0.15,-0.27,0.55
2021-10-18 23:00:00,004-MDNB,Narayanbagar,Pindar,30.1456,79.3936,41567,879.17,880.0,878.5,1171.4,-0.18,-0.4,-0.08
2021-10-18 23:00:00,004-MDNG,Joshimath (Marwari),Alaknanda,30.5592,79.5628,40816,1372.91,1374.5,1373.0,1511.8,-0.21,-0.46,-0.09
2021-10-18 23:00:00,004-MDNK,Nandprayag,Nandakini,30.3312,79.3175,NA,866.11,868.0,866.5,505.6,-0.24,-0.57,-0.59
2021-10-18 23:00:00,004-MDTR,Tharali,Pindar,30.0687,79.5099,41693,998.46,999.5,998.0,1237.0,-0.25,-0.61,-0.64
2021-10-19 00:00:00,004-MDBG,Birahi,Birahi Ganga,30.4013,79.4051,40971,1003.88,1005.0,1003.5,345.3,-0.26,-0.67,-0.92
2021-10-19 00:00:00,004-MDKP,Karnaprayag,Alaknanda,30.2584,79.2185,41445,773.73,775.0,773.5,2612.1,-0.2,-0.44,-0.09
2021-10-19 00:00:00,004-MDNB,Narayanbagar,Pindar,30.1456,79.3936,41567,878.94,880.0,878.5,1114.8,-0.23,-0.55,-0.57
2021-10-19 00:00:00,004-MDNG,Joshimath (Marwari),Alaknanda,30.5592,79.5628,40816,1372.66,1374.5,1373.0,1439.8,-0.25,-0.61,-0.64
2021-10-19 00:00:00,004-MDNK,Nandprayag,Nandakini,30.3312,79.3175,NA,865.84,868.0,866.5,476.4,-0.27,-0.7,-0.96
2021-10-19 00:00:00,004-MDTR,Tharali,Pindar,30.0687,79.5099,41693,998.16,999.5,998.0,1164.9,-0.3,-0.76,-1.04
2021-10-19 01:00:00,004-MDBG,Birahi,Birahi Ganga,30.4013,79.4051,40971,1003.6,1005.0,1003.5,322.1,-0.28,-0.77,-1.17
2021-10-19 01:00:00,004-MDKP,Karnaprayag,Alaknanda,30.2584,79.2185,41445,773.48,775.0,773.5,2488.2,-0.25,-0.6,-0.62
2021-10-19 01:00:00,004-MDNB,Narayanbagar,Pindar,30.1456,79.3936,41567,878.68,880.0,878.5,1049.9,-0.26,-0.67,-0.92
2021-10-19 01:00:00,004-MDNG,Joshimath (Marwari),Alaknanda,30.5592,79.5628,40816,1372.36,1374.5,1373.0,1357.1,-0.3,-0.76,-1.04
2021-10-19 01:00:00,004-MDNK,Nandprayag,Nandakini,30.3312,79.3175,NA,865.55,868.0,866.5,444.3,-0.29,-0.8,-1.22
2021-10-19 01:00:00,004-MDTR,Tharali,Pindar,30.0687,79.5099,41693,997.84,999.5,998.0,1085.9,-0.32,-0.87,-1.33
2021-10-19 02:00:00,004-MDBG,Birahi,Birahi Ganga,30.4013,79.4051,40971,1003.3,1005.0,1003.5,297.6,-0.3,-0.84,-1.39
2021-10-19 02:00:00,004-MDKP,Karnaprayag,Alaknanda,30.2584,79.2185,41445,773.2,775.0,773.5,2345.9,-0.28,-0.73,-1.0
2021-10-19 02:00:00,004-MDNB,Narayanbagar,Pindar,30.1456,79.3936,41567,878.4,880.0,878.5,978.5,-0.28,-0.77,-1.17
2021-10-19 02:00:00,004-MDNG,Joshimath (Marwari),Alaknanda,30.5592,79.5628,40816,1372.04,1374.5,1373.0,1266.3,-0.32,-0.87,-1.33
2021-10-19 02:00:00,004-MDNK,Nandprayag,Nandakini,30.3312,79.3175,NA,865.23,868.0,866.5,410.3,-0.32,-0.88,-1.45
2021-10-19 02:00:00,004-MDTR,Tharali,Pindar,30.0687,79.5099,41693,997.5,999.5,998.0,1002.3,-0.34,-0.96,-1.57
2021-10-19 03:00:00,004-MDBG,Birahi,Birahi Ganga,30.4013,79.4051,40971,1002.99,1005.0,1003.5,272.4,-0.31,-0.89,-1.56
2021-10-19 03:00:00,004-MDKP,Karnaprayag,Alaknanda,30.2584,79.2185,41445,772.89,775.0,773.5,2189.6,-0.31,-0.84,-1.28
2021-10-19 03:00:00,004-MDNB,Narayanbagar,Pindar,30.1456,79.3936,41567,878.1,880.0,878.5,903.1,-0.3,-0.84,-1.39
2021-10-19 03:00:00,004-MDNG,Joshimath (Marwari),Alaknanda,30.5592,79.5628,40816,1371.7,1374.5,1373.0,1170.2,-0.34,-0.96,-1.57
2021-10-19 03:00:00,004-MDNK,Nandprayag,Nandakini,30.3312,79.3175,NA,864.91,868.0,866.5,375.4,-0.32,-0.93,-1.63
2021-10-19 03:00:00,004-MDTR,Tharali,Pindar,30.0687,79.5099,41693,997.15,999.5,998.0,916.4,-0.35,-1.01,-1.77
2021-10-19 04:00:00,004-MDBG,Birahi,Birahi Ganga,30.4013,79.4051,40971,1002.68,1005.0,1003.5,247.3,-0.31,-0.92,-1.69
2021-10-19 04:00:00,004-MDKP,Karnaprayag,Alaknanda,30.2584,79.2185,41445,772.57,775.0,773.5,2024.3,-0.32,-0.91,-1.51
2021-10-19 04:00:00,004-MDNB,Narayanbagar,Pindar,30.1456,79.3936,41567,877.79,880.0,878.5,825.5,-0.31,-0.89,-1.56
2021-10-19 04:00:00,004-MDNG,Joshimath (Marwari),Alaknanda,30.5592,79.5628,40816,1371.35,1374.5,1373.0,1071.6,-0.35,-1.01,-1.77
2021-10-19 04:00:00,004-MDNK,Nandprayag,Nandakini,30.3312,79.3175,NA,864.59,868.0,866.5,340.5,-0.32,-0.96,-1.76
2021-10-19 04:00:00,004-MDTR,Tharali,Pindar,30.0687,79.5099,41693,996.8,999.5,998.0,830.4,-0.35,-1.04,-1.91
2021-10-19 05:00:00,004-MDBG,Birahi,Birahi Ganga,30.4013,79.4051,40971,1002.38,1005.0,1003.5,222.7,-0.3,-0.92,-1.76
2021-10-19 05:00:00,004-MDKP,Karnaprayag,Alaknanda,30.2584,79.2185,41445,772.23,775.0,773.5,1854.5,-0.34,-0.97,-1.7
2021-10-19 05:00:00,004-MDNB,Narayanbagar,Pindar,30.1456,79.3936,41567,877.48,880.0,878.5,748.0,-0.31,-0.92,-1.69
2021-10-19 05:00:00,004-MDNG,Joshimath (Marwari),Alaknanda,30.5592,79.5628,40816,1371.0,1374.5,1373.0,972.9,-0.35,-1.04,-1.91
2021-10-19 05:00:00,004-MDNK,Nandprayag,Nandakini,30.3312,79.3175,NA,864.27,868.0,866.5,306.4,-0.32,-0.96,-1.84
2021-10-19 05:00:00,004-MDTR,Tharali,Pindar,30.0687,79.5099,41693,996.46,999.5,998.0,746.5,-0.34,-1.04,-2.0
2021-10-19 06:00:00,004-MDBG,Birahi,Birahi Ganga,30.4013,79.4051,40971,1002.09,1005.0,1003.5,199.2,-0.29,-0.9,-1.79
2021-10-19 06:00:00,004-MDKP,Karnaprayag,Alaknanda,30.2584,79.2185,41445,771.9,775.0,773.5,1684.7,-0.33,-0.99,-1.83
2021-10-19 06:00:00,004-MDNB,Narayanbagar,Pindar,30.1456,79.3936,41567,877.18,880.0,878.5,672.3,-0.3,-0.92,-1.76
2021-10-19 06:00:00,004-MDNG,Joshimath (Marwari),Alaknanda,30.5592,79.5628,40816,1370.66,1374.5,1373.0,876.5,-0.34,-1.04,-2.0
2021-10-19 06:00:00,004-MDNK,Nandprayag,Nandakini,30.3312,79.3175,NA,863.97,868.0,866.5,273.8,-0.3,-0.94,-1.87
2021-10-19 06:00:00,004-MDTR,Tharali,Pindar,30.0687,79.5099,41693,996.14,999.5,998.0,666.2,-0.32,-1.01,-2.02
2023-07-13 00:00:00,004-MDGC,Gauchar,Alaknanda,30.2873,79.1255,41274,747.23,752.0,750.5,582.3,NA,NA,NA
2023-07-13 00:00:00,004-MDKP,Karnaprayag,Alaknanda,30.2584,79.2185,41445,770.17,775.0,773.5,561.9,NA,NA,NA
2023-07-13 00:00:00,004-MDNB,Narayanbagar,Pindar,30.1456,79.3936,41567,875.67,880.0,878.5,257.0,NA,NA,NA
2023-07-13 00:00:00,004-MDTR,Tharali,Pindar,30.0687,79.5099,41693,995.0,999.5,998.0,334.4,NA,NA,NA
2023-07-13 01:00:00,004-MDGC,Gauchar,Alaknanda,30.2873,79.1255,41274,747.27,752.0,750.5,603.5,0.04,NA,NA
2023-07-13 01:00:00,004-MDKP,Karnaprayag,Alaknanda,30.2584,79.2185,41445,770.23,775.0,773.5,597.7,0.06,NA,NA
2023-07-13 01:00:00,004-MDNB,Narayanbagar,Pindar,30.1456,79.3936,41567,875.86,880.0,878.5,302.6,0.19,NA,NA
2023-07-13 01:00:00,004-MDTR,Tharali,Pindar,30.0687,79.5099,41693,995.3,999.5,998.0,408.9,0.3,NA,NA
2023-07-13 02:00:00,004-MDGC,Gauchar,Alaknanda,30.2873,79.1255,41274,747.33,752.0,750.5,640.6,0.06,NA,NA
2023-07-13 02:00:00,004-MDKP,Karnaprayag,Alaknanda,30.2584,79.2185,41445,770.34,775.0,773.5,657.1,0.11,NA,NA
2023-07-13 02:00:00,004-MDNB,Narayanbagar,Pindar,30.1456,79.3936,41567,876.13,880.0,878.5,370.0,0.27,NA,NA
2023-07-13 02:00:00,004-MDTR,Tharali,Pindar,30.0687,79.5099,41693,995.71,999.5,998.0,512.7,0.41,NA,NA
2023-07-13 03:00:00,004-MDGC,Gauchar,Alaknanda,30.2873,79.1255,41274,747.42,752.0,750.5,702.1,0.09,0.19,NA
2023-07-13 03:00:00,004-MDKP,Karnaprayag,Alaknanda,30.2584,79.2185,41445,770.5,775.0,773.5,750.3,0.16,0.33,NA
2023-07-13 03:00:00,004-MDNB,Narayanbagar,Pindar,30.1456,79.3936,41567,876.51,880.0,878.5,463.9,0.38,0.84,NA
2023-07-13 03:00:00,004-MDTR,Tharali,Pindar,30.0687,79.5099,41693,996.26,999.5,998.0,648.4,0.55,1.26,NA
2023-07-13 04:00:00,004-MDGC,Gauchar,Alaknanda,30.2873,79.1255,41274,747.57,752.0,750.5,798.7,0.15,0.3,NA
2023-07-13 04:00:00,004-MDKP,Karnaprayag,Alaknanda,30.2584,79.2185,41445,770.74,775.0,773.5,888.1,0.24,0.51,NA
2023-07-13 04:00:00,004-MDNB,Narayanbagar,Pindar,30.1456,79.3936,41567,877.01,880.0,878.5,586.7,0.5,1.15,NA
2023-07-13 04:00:00,004-MDTR,Tharali,Pindar,30.0687,79.5099,41693,996.93,999.5,998.0,814.3,0.67,1.63,NA
2023-07-13 05:00:00,004-MDGC,Gauchar,Alaknanda,30.2873,79.1255,41274,747.8,752.0,750.5,941.6,0.23,0.47,NA
2023-07-13 05:00:00,004-MDKP,Karnaprayag,Alaknanda,30.2584,79.2185,41445,771.07,775.0,773.5,1080.1,0.33,0.73,NA
2023-07-13 05:00:00,004-MDNB,Narayanbagar,Pindar,30.1456,79.3936,41567,877.62,880.0,878.5,736.8,0.61,1.49,NA
2023-07-13 05:00:00,004-MDTR,Tharali,Pindar,30.0687,79.5099,41693,997.68,999.5,998.0,1002.9,0.75,1.97,NA
2023-07-13 06:00:00,004-MDGC,Gauchar,Alaknanda,30.2873,79.1255,41274,748.11,752.0,750.5,1140.7,0.31,0.69,0.88
2023-07-13 06:00:00,004-MDKP,Karnaprayag,Alaknanda,30.2584,79.2185,41445,771.5,775.0,773.5,1331.2,0.43,1.0,1.33
2023-07-13 06:00:00,004-MDNB,Narayanbagar,Pindar,30.1456,79.3936,41567,878.31,880.0,878.5,907.4,0.69,1.8,2.64
2023-07-13 06:00:00,004-MDTR,Tharali,Pindar,30.0687,79.5099,41693,998.47,999.5,998.0,1200.2,0.79,2.21,3.47
2023-07-13 07:00:00,004-MDGC,Gauchar,Alaknanda,30.2873,79.1255,41274,748.51,752.0,750.5,1401.0,0.4,0.94,1.24
2023-07-13 07:00:00,004-MDKP,Karnaprayag,Alaknanda,30.2584,79.2185,41445,772.03,775.0,773.5,1638.2,0.53,1.29,1.8
2023-07-13 07:00:00,004-MDNB,Narayanbagar,Pindar,30.1456,79.3936,41567,879.04,880.0,878.5,1085.9,0.73,2.03,3.18
2023-07-13 07:00:00,004-MDTR,Tharali,Pindar,30.0687,79.5099,41693,999.22,999.5,998.0,1387.1,0.75,2.29,3.92
2023-07-13 08:00:00,004-MDGC,Gauchar,Alaknanda,30.2873,79.1255,41274,749.01,752.0,750.5,1719.3,0.5,1.21,1.68
2023-07-13 08:00:00,004-MDKP,Karnaprayag,Alaknanda,30.2584,79.2185,41445,772.64,775.0,773.5,1987.2,0.61,1.57,2.3
2023-07-13 08:00:00,004-MDNB,Narayanbagar,Pindar,30.1456,79.3936,41567,879.72,880.0,878.5,1255.0,0.68,2.1,3.59
2023-07-13 08:00:00,004-MDTR,Tharali,Pindar,30.0687,79.5099,41693,999.85,999.5,998.0,1541.8,0.63,2.17,4.14
2023-07-13 09:00:00,004-MDGC,Gauchar,Alaknanda,30.2873,79.1255,41274,749.57,752.0,750.5,2081.1,0.56,1.46,2.15
2023-07-13 09:00:00,004-MDKP,Karnaprayag,Alaknanda,30.2584,79.2185,41445,773.27,775.0,773.5,2352.3,0.63,1.77,2.77
2023-07-13 09:00:00,004-MDNB,Narayanbagar,Pindar,30.1456,79.3936,41567,880.29,880.0,878.5,1394.9,0.57,1.98,3.78
2023-07-13 09:00:00,004-MDTR,Tharali,Pindar,30.0687,79.5099,41693,1000.26,999.5,998.0,1644.1,0.41,1.79,4.0
2023-07-13 10:00:00,004-MDGC,Gauchar,Alaknanda,30.2873,79.1255,41274,750.16,752.0,750.5,2459.7,0.59,1.65,2.59
2023-07-13 10:00:00,004-MDKP,Karnaprayag,Alaknanda,30.2584,79.2185,41445,773.86,775.0,773.5,2698.0,0.59,1.83,3.12
2023-07-13 10:00:00,004-MDNB,Narayanbagar,Pindar,30.1456,79.3936,41567,880.67,880.0,878.5,1487.6,0.38,1.63,3.66
2023-07-13 10:00:00,004-MDTR,Tharali,Pindar,30.0687,79.5099,41693,1000.4,999.5,998.0,1680.0,0.14,1.18,3.47
2023-07-13 11:00:00,004-MDGC,Gauchar,Alaknanda,30.2873,79.1255,41274,750.72,752.0,750.5,2818.1,0.56,1.71,2.92
2023-07-13 11:00:00,004-MDKP,Karnaprayag,Alaknanda,30.2584,79.2185,41445,774.36,775.0,773.5,2984.2,0.5,1.72,3.29
2023-07-13 11:00:00,004-MDNB,Narayanbagar,Pindar,30.1456,79.3936,41567,880.8,880.0,878.5,1520.0,0.13,1.08,3.18
2023-07-13 11:00:00,004-MDTR,Tharali,Pindar,30.0687,79.5099,41693,1000.35,999.5,998.0,1668.6,-0.05,0.5,2.67
2023-07-13 12:00:00,004-MDGC,Gauchar,Alaknanda,30.2873,79.1255,41274,751.19,752.0,750.5,3114.8,0.47,1.62,3.08
2023-07-13 12:00:00,004-MDKP,Karnaprayag,Alaknanda,30.2584,79.2185,41445,774.69,775.0,773.5,3173.7,0.33,1.42,3.19
2023-07-13 12:00:00,004-MDNB,Narayanbagar,Pindar,30.1456,79.3936,41567,880.76,880.0,878.5,1509.6,-0.04,0.47,2.45
2023-07-13 12:00:00,004-MDTR,Tharali,Pindar,30.0687,79.5099,41693,1000.22,999.5,998.0,1634.8,-0.13,-0.04,1.75
2023-07-13 13:00:00,004-MDGC,Gauchar,Alaknanda,30.2873,79.1255,41274,751.49,752.0,750.5,3311.2,0.3,1.33,2.98
2023-07-13 13:00:00,004-MDKP,Karnaprayag,Alaknanda,30.2584,79.2185,41445,774.8,775.0,773.5,3240.0,0.11,0.94,2.77
2023-07-13 13:00:00,004-MDNB,Narayanbagar,Pindar,30.1456,79.3936,41567,880.63,880.0,878.5,1479.1,-0.13,-0.04,1.59
2023-07-13 13:00:00,004-MDTR,Tharali,Pindar,30.0687,79.5099,41693,1000.0,999.5,998.0,1580.2,-0.22,-0.4,0.78
2023-07-13 14:00:00,004-MDGC,Gauchar,Alaknanda,30.2873,79.1255,41274,751.6,752.0,750.5,3380.0,0.11,0.88,2.59
2023-07-13 14:00:00,004-MDKP,Karnaprayag,Alaknanda,30.2584,79.2185,41445,774.76,775.0,773.5,3218.8,-0.04,0.4,2.12
2023-07-13 14:00:00,004-MDNB,Narayanbagar,Pindar,30.1456,79.3936,41567,880.43,880.0,878.5,1429.7,-0.2,-0.37,0.71
2023-07-13 14:00:00,004-MDTR,Tharali,Pindar,30.0687,79.5099,41693,999.71,999.5,998.0,1507.3,-0.29,-0.64,-0.14
2023-07-13 15:00:00,004-MDGC,Gauchar,Alaknanda,30.2873,79.1255,41274,751.57,752.0,750.5,3358.1,-0.03,0.38,2.0
2023-07-13 15:00:00,004-MDKP,Karnaprayag,Alaknanda,30.2584,79.2185,41445,774.66,775.0,773.5,3156.3,-0.1,-0.03,1.39
2023-07-13 15:00:00,004-MDNB,Narayanbagar,Pindar,30.1456,79.3936,41567,880.17,880.0,878.5,1363.7,-0.26,-0.59,-0.12
2023-07-13 15:00:00,004-MDTR,Tharali,Pindar,30.0687,79.5099,41693,999.35,999.5,998.0,1419.2,-0.36,-0.87,-0.91
2023-07-13 16:00:00,004-MDGC,Gauchar,Alaknanda,30.2873,79.1255,41274,751.46,752.0,750.5,3293.2,-0.11,-0.03,1.3
2023-07-13 16:00:00,004-MDKP,Karnaprayag,Alaknanda,30.2584,79.2185,41445,774.48,775.0,773.5,3055.3,-0.18,-0.32,0.62
2023-07-13 16:00:00,004-MDNB,Narayanbagar,Pindar,30.1456,79.3936,41567,879.84,880.0,878.5,1284.0,-0.33,-0.79,-0.83
2023-07-13 16:00:00,004-MDTR,Tharali,Pindar,30.0687,79.5099,41693,998.95,999.5,998.0,1319.6,-0.4,-1.05,-1.45
2023-07-13 17:00:00,004-MDGC,Gauchar,Alaknanda,30.2873,79.1255,41274,751.3,752.0,750.5,3188.5,-0.16,-0.3,0.58
2023-07-13 17:00:00,004-MDKP,Karnaprayag,Alaknanda,30.2584,79.2185,41445,774.25,775.0,773.5,2920.4,-0.23,-0.51,-0.11
2023-07-13 17:00:00,004-MDNB,Narayanbagar,Pindar,30.1456,79.3936,41567,879.48,880.0,878.5,1193.9,-0.36,-0.95,-1.32
2023-07-13 17:00:00,004-MDTR,Tharali,Pindar,30.0687,79.5099,41693,998.52,999.5,998.0,1212.5,-0.43,-1.19,-1.83
2023-07-13 18:00:00,004-MDGC,Gauchar,Alaknanda,30.2873,79.1255,41274,751.08,752.0,750.5,3048.6,-0.22,-0.49,-0.11
2023-07-13 18:00:00,004-MDKP,Karnaprayag,Alaknanda,30.2584,79.2185,41445,773.97,775.0,773.5,2757.4,-0.28,-0.69,-0.72
2023-07-13 18:00:00,004-MDNB,Narayanbagar,Pindar,30.1456,79.3936,41567,879.08,880.0,878.5,1097.0,-0.4,-1.09,-1.68
2023-07-13 18:00:00,004-MDTR,Tharali,Pindar,30.0687,79.5099,41693,998.08,999.5,998.0,1101.6,-0.44,-1.27,-2.14
2023-07-13 19:00:00,004-MDGC,Gauchar,Alaknanda,30.2873,79.1255,41274,750.82,752.0,750.5,2879.7,-0.26,-0.64,-0.67
2023-07-13 19:00:00,004-MDKP,Karnaprayag,Alaknanda,30.2584,79.2185,41445,773.65,775.0,773.5,2573.2,-0.32,-0.83,-1.15
2023-07-13 19:00:00,004-MDNB,Narayanbagar,Pindar,30.1456,79.3936,41567,878.68,880.0,878.5,996.7,-0.4,-1.16,-1.95
2023-07-13 19:00:00,004-MDTR,Tharali,Pindar,30.0687,79.5099,41693,997.63,999.5,998.0,990.7,-0.45,-1.32,-2.37
2023-07-13 20:00:00,004-MDGC,Gauchar,Alaknanda,30.2873,79.1255,41274,750.52,752.0,750.5,2688.6,-0.3,-0.78,-1.08
2023-07-13 20:00:00,004-MDKP,Karnaprayag,Alaknanda,30.2584,79.2185,41445,773.31,775.0,773.5,2374.9,-0.34,-0.94,-1.45
2023-07-13 20:00:00,004-MDNB,Narayanbagar,Pindar,30.1456,79.3936,41567,878.27,880.0,878.5,896.4,-0.41,-1.21,-2.16
2023-07-13 20:00:00,004-MDTR,Tharali,Pindar,30.0687,79.5099,41693,997.2,999.5,998.0,883.0,-0.43,-1.32,-2.51
2023-07-13 21:00:00,004-MDGC,Gauchar,Alaknanda,30.2873,79.1255,41274,750.2,752.0,750.5,2483.1,-0.32,-0.88,-1.37
2023-07-13 21:00:00,004-MDKP,Karnaprayag,Alaknanda,30.2584,79.2185,41445,772.95,775.0,773.5,2169.8,-0.36,-1.02,-1.71
2023-07-13 21:00:00,004-MDNB,Narayanbagar,Pindar,30.1456,79.3936,41567,877.87,880.0,878.5,798.9,-0.4,-1.21,-2.3
2023-07-13 21:00:00,004-MDTR,Tharali,Pindar,30.0687,79.5099,41693,996.79,999.5,998.0,781.2,-0.41,-1.29,-2.56
2023-07-13 22:00:00,004-MDGC,Gauchar,Alaknanda,30.2873,79.1255,41274,749.87,752.0,750.5,2270.4,-0.33,-0.95,-1.59
2023-07-13 22:00:00,004-MDKP,Karnaprayag,Alaknanda,30.2584,79.2185,41445,772.6,775.0,773.5,1964.6,-0.35,-1.05,-1.88
2023-07-13 22:00:00,004-MDNB,Narayanbagar,Pindar,30.1456,79.3936,41567,877.5,880.0,878.5,706.8,-0.37,-1.18,-2.34
2023-07-13 22:00:00,004-MDTR,Tharali,Pindar,30.0687,79.5099,41693,996.42,999.5,998.0,687.2,-0.37,-1.21,-2.53
2023-07-13 23:00:00,004-MDGC,Gauchar,Alaknanda,30.2873,79.1255,41274,749.54,752.0,750.5,2057.7,-0.33,-0.98,-1.76
2023-07-13 23:00:00,004-MDKP,Karnaprayag,Alaknanda,30.2584,79.2185,41445,772.25,775.0,773.5,1765.3,-0.35,-1.06,-2.0
2023-07-13 23:00:00,004-MDNB,Narayanbagar,Pindar,30.1456,79.3936,41567,877.15,880.0,878.5,621.8,-0.35,-1.12,-2.33
2023-07-13 23:00:00,004-MDTR,Tharali,Pindar,30.0687,79.5099,41693,996.08,999.5,998.0,602.6,-0.34,-1.12,-2.44
2023-07-14 00:00:00,004-MDGC,Gauchar,Alaknanda,30.2873,79.1255,41274,749.21,752.0,750.5,1851.1,-0.33,-0.99,-1.87
2023-07-14 00:00:00,004-MDKP,Karnaprayag,Alaknanda,30.2584,79.2185,41445,771.93,775.0,773.5,1576.9,-0.32,-1.02,-2.04
2023-07-14 00:00:00,004-MDNB,Narayanbagar,Pindar,30.1456,79.3936,41567,876.84,880.0,878.5,545.2,-0.31,-1.03,-2.24
2023-07-14 00:00:00,004-MDTR,Tharali,Pindar,30.0687,79.5099,41693,995.78,999.5,998.0,527.9,-0.3,-1.01,-2.3
2024-08-01 00:00:00,004-MDKP,Karnaprayag,Alaknanda,30.2584,79.2185,41445,770.51,775.0,773.5,583.6,NA,NA,NA
2024-08-01 00:00:00,004-MDNB,Narayanbagar,Pindar,30.1456,79.3936,41567,875.89,880.0,878.5,243.6,NA,NA,NA
2024-08-01 00:00:00,004-MDTR,Tharali,Pindar,30.0687,79.5099,41693,995.29,999.5,998.0,313.5,NA,NA,NA
2024-08-01 01:00:00,004-MDKP,Karnaprayag,Alaknanda,30.2584,79.2185,41445,770.52,775.0,773.5,594.2,0.01,NA,NA
2024-08-01 01:00:00,004-MDNB,Narayanbagar,Pindar,30.1456,79.3936,41567,876.05,880.0,878.5,286.8,0.16,NA,NA
2024-08-01 01:00:00,004-MDTR,Tharali,Pindar,30.0687,79.5099,41693,995.69,999.5,998.0,417.3,0.4,NA,NA
2024-08-01 02:00:00,004-MDKP,Karnaprayag,Alaknanda,30.2584,79.2185,41445,770.57,775.0,773.5,627.0,0.05,NA,NA
2024-08-01 02:00:00,004-MDNB,Narayanbagar,Pindar,30.1456,79.3936,41567,876.41,880.0,878.5,381.0,0.36,NA,NA
2024-08-01 02:00:00,004-MDTR,Tharali,Pindar,30.0687,79.5099,41693,996.42,999.5,998.0,604.2,0.73,NA,NA
2024-08-01 03:00:00,004-MDKP,Karnaprayag,Alaknanda,30.2584,79.2185,41445,770.7,775.0,773.5,713.0,0.13,0.19,NA
2024-08-01 03:00:00,004-MDNB,Narayanbagar,Pindar,30.1456,79.3936,41567,877.05,880.0,878.5,550.9,0.64,1.16,NA
2024-08-01 03:00:00,004-MDTR,Tharali,Pindar,30.0687,79.5099,41693,997.48,999.5,998.0,877.6,1.06,2.19,NA
2024-08-01 04:00:00,004-MDKP,Karnaprayag,Alaknanda,30.2584,79.2185,41445,770.99,775.0,773.5,900.7,0.29,0.47,NA
2024-08-01 04:00:00,004-MDNB,Narayanbagar,Pindar,30.1456,79.3936,41567,877.99,880.0,878.5,799.2,0.94,1.94,NA
2024-08-01 04:00:00,004-MDTR,Tharali,Pindar,30.0687,79.5099,41693,998.7,999.5,998.0,1191.3,1.22,3.01,NA
2024-08-01 05:00:00,004-MDKP,Karnaprayag,Alaknanda,30.2584,79.2185,41445,771.5,775.0,773.5,1238.9,0.51,0.93,NA
2024-08-01 05:00:00,004-MDNB,Narayanbagar,Pindar,30.1456,79.3936,41567,879.07,880.0,878.5,1084.1,1.08,2.66,NA
2024-08-01 05:00:00,004-MDTR,Tharali,Pindar,30.0687,79.5099,41693,999.71,999.5,998.0,1449.3,1.01,3.29,NA
2024-08-01 06:00:00,004-MDKP,Karnaprayag,Alaknanda,30.2584,79.2185,41445,772.25,775.0,773.5,1733.6,0.75,1.55,1.74
2024-08-01 06:00:00,004-MDNB,Narayanbagar,Pindar,30.1456,79.3936,41567,879.95,880.0,878.5,1318.5,0.88,2.9,4.06
2024-08-01 06:00:00,004-MDTR,Tharali,Pindar,30.0687,79.5099,41693,1000.1,999.5,998.0,1550.0,0.39,2.62,4.81
2024-08-01 07:00:00,004-MDKP,Karnaprayag,Alaknanda,30.2584,79.2185,41445,773.11,775.0,773.5,2301.0,0.86,2.12,2.59
2024-08-01 07:00:00,004-MDNB,Narayanbagar,Pindar,30.1456,79.3936,41567,880.3,880.0,878.5,1410.0,0.35,2.31,4.25
2024-08-01 07:00:00,004-MDTR,Tharali,Pindar,30.0687,79.5099,41693,1000.03,999.5,998.0,1531.9,-0.07,1.33,4.34
2024-08-01 08:00:00,004-MDKP,Karnaprayag,Alaknanda,30.2584,79.2185,41445,773.82,775.0,773.5,2767.8,0.71,2.32,3.25
2024-08-01 08:00:00,004-MDNB,Narayanbagar,Pindar,30.1456,79.3936,41567,880.24,880.0,878.5,1393.6,-0.06,1.17,3.83
2024-08-01 08:00:00,004-MDTR,Tharali,Pindar,30.0687,79.5099,41693,999.82,999.5,998.0,1479.2,-0.21,0.11,3.4
2024-08-01 09:00:00,004-MDKP,Karnaprayag,Alaknanda,30.2584,79.2185,41445,774.1,775.0,773.5,2950.0,0.28,1.85,3.4
2024-08-01 09:00:00,004-MDNB,Narayanbagar,Pindar,30.1456,79.3936,41567,880.06,880.0,878.5,1345.7,-0.18,0.11,3.01
2024-08-01 09:00:00,004-MDTR,Tharali,Pindar,30.0687,79.5099,41693,999.5,999.5,998.0,1396.1,-0.32,-0.6,2.02
2024-08-01 10:00:00,004-MDKP,Karnaprayag,Alaknanda,30.2584,79.2185,41445,774.05,775.0,773.5,2917.3,-0.05,0.94,3.06
2024-08-01 10:00:00,004-MDNB,Narayanbagar,Pindar,30.1456,79.3936,41567,879.77,880.0,878.5,1270.2,-0.29,-0.53,1.78
2024-08-01 10:00:00,004-MDTR,Tharali,Pindar,30.0687,79.5099,41693,999.08,999.5,998.0,1289.0,-0.42,-0.95,0.38
2024-08-01 11:00:00,004-MDKP,Karnaprayag,Alaknanda,30.2584,79.2185,41445,773.91,775.0,773.5,2821.9,-0.14,0.09,2.41
2024-08-01 11:00:00,004-MDNB,Narayanbagar,Pindar,30.1456,79.3936,41567,879.4,880.0,878.5,1172.9,-0.37,-0.84,0.33
2024-08-01 11:00:00,004-MDTR,Tharali,Pindar,30.0687,79.5099,41693,998.6,999.5,998.0,1165.7,-0.48,-1.22,-1.11
2024-08-01 12:00:00,004-MDKP,Karnaprayag,Alaknanda,30.2584,79.2185,41445,773.68,775.0,773.5,2671.5,-0.23,-0.42,1.43
2024-08-01 12:00:00,004-MDNB,Narayanbagar,Pindar,30.1456,79.3936,41567,878.98,880.0,878.5,1060.9,-0.42,-1.08,-0.97
2024-08-01 12:00:00,004-MDTR,Tharali,Pindar,30.0687,79.5099,41693,998.09,999.5,998.0,1034.6,-0.51,-1.41,-2.01
2024-08-01 13:00:00,004-MDKP,Karnaprayag,Alaknanda,30.2584,79.2185,41445,773.38,775.0,773.5,2477.7,-0.3,-0.67,0.27
2024-08-01 13:00:00,004-MDNB,Narayanbagar,Pindar,30.1456,79.3936,41567,878.53,880.0,878.5,941.8,-0.45,-1.24,-1.77
2024-08-01 13:00:00,004-MDTR,Tharali,Pindar,30.0687,79.5099,41693,997.58,999.5,998.0,903.3,-0.51,-1.5,-2.45
2024-08-01 14:00:00,004-MDKP,Karnaprayag,Alaknanda,30.2584,79.2185,41445,773.04,775.0,773.5,2254.8,-0.34,-0.87,-0.78
2024-08-01 14:00:00,004-MDNB,Narayanbagar,Pindar,30.1456,79.3936,41567,878.08,880.0,878.5,822.5,-0.45,-1.32,-2.16
2024-08-01 14:00:00,004-MDTR,Tharali,Pindar,30.0687,79.5099,41693,997.1,999.5,998.0,778.6,-0.48,-1.5,-2.72
2024-08-01 15:00:00,004-MDKP,Karnaprayag,Alaknanda,30.2584,79.2185,41445,772.68,775.0,773.5,2017.5,-0.36,-1.0,-1.42
2024-08-01 15:00:00,004-MDNB,Narayanbagar,Pindar,30.1456,79.3936,41567,877.65,880.0,878.5,709.2,-0.43,-1.33,-2.41
2024-08-01 15:00:00,004-MDTR,Tharali,Pindar,30.0687,79.5099,41693,996.66,999.5,998.0,665.3,-0.44,-1.43,-2.84
2024-08-01 16:00:00,004-MDKP,Karnaprayag,Alaknanda,30.2584,79.2185,41445,772.32,775.0,773.5,1780.0,-0.36,-1.06,-1.73
2024-08-01 16:00:00,004-MDNB,Narayanbagar,Pindar,30.1456,79.3936,41567,877.26,880.0,878.5,606.3,-0.39,-1.27,-2.51
2024-08-01 16:00:00,004-MDTR,Tharali,Pindar,30.0687,79.5099,41693,996.27,999.5,998.0,566.7,-0.39,-1.31,-2.81
2024-08-01 17:00:00,004-MDKP,Karnaprayag,Alaknanda,30.2584,79.2185,41445,771.98,775.0,773.5,1554.3,-0.34,-1.06,-1.93
2024-08-01 17:00:00,004-MDNB,Narayanbagar,Pindar,30.1456,79.3936,41567,876.92,880.0,878.5,516.7,-0.34,-1.16,-2.48
2024-08-01 17:00:00,004-MDTR,Tharali,Pindar,30.0687,79.5099,41693,995.95,999.5,998.0,484.0,-0.32,-1.15,-2.65
2024-08-01 18:00:00,004-MDKP,Karnaprayag,Alaknanda,30.2584,79.2185,41445,771.67,775.0,773.5,1349.4,-0.31,-1.01,-2.01
2024-08-01 18:00:00,004-MDNB,Narayanbagar,Pindar,30.1456,79.3936,41567,876.64,880.0,878.5,441.7,-0.28,-1.01,-2.34
2024-08-01 18:00:00,004-MDTR,Tharali,Pindar,30.0687,79.5099,41693,995.69,999.5,998.0,417.3,-0.26,-0.97,-2.4
