site_id,land_capacity_people,water_capacity_people,sanitation_capacity_people,healthcare_capacity_people,power_capacity_people,school_capacity_people,existing_population,usable_capacity,remaining_capacity
SITE_CHM_STG_01,1500,1000,800,NA,1000,NA,1097,800,-297
SITE_CHM_STG_02,600,444,400,NA,500,NA,550,400,-150
SITE_CHM_STG_03,800,555,480,NA,600,NA,425,480,55
SITE_CHM_STG_04,500,333,300,NA,350,NA,310,300,-10
SITE_CHM_STG_05,700,488,400,NA,500,NA,743,400,-343
SITE_CHM_STG_06,550,400,360,NA,400,NA,510,360,-150
SITE_CHM_STG_07,450,311,280,NA,300,NA,51,280,229
SITE_CHM_STG_08,2500,1333,1000,20,1500,NA,350,1000,650
SITE_CHM_STG_09,400,266,240,NA,300,NA,269,240,-29
SITE_CHM_SHL_01,571,666,500,NA,500,NA,25,500,475
SITE_CHM_SHL_02,60,88,80,NA,60,NA,10,60,50
SITE_CHM_SHL_03,600,777,600,NA,600,NA,120,600,480
SITE_CHM_SHL_04,200,222,200,NA,200,NA,180,200,20
SITE_CHM_SHL_05,240,266,240,NA,250,NA,210,240,30
SITE_CHM_SHL_06,170,177,160,10,200,NA,320,160,-160
SITE_CHM_SHL_07,140,155,120,NA,100,NA,450,120,-330
SITE_CHM_MED_01,150,444,500,150,250,NA,100,150,50
SITE_CHM_MED_02,50,177,200,50,100,NA,45,50,5
SITE_CHM_MED_03,30,111,120,30,50,NA,25,30,5
SITE_CHM_MED_04,30,111,120,30,50,NA,22,30,8
SITE_CHM_MED_05,30,111,120,30,50,NA,20,30,10
SITE_CHM_MED_06,30,111,120,30,50,NA,20,30,10
SITE_CHM_MED_07,10,44,60,10,25,NA,10,10,0
SITE_CHM_SCH_01,400,333,320,NA,NA,350,0,320,320
SITE_CHM_SCH_02,285,266,240,NA,NA,250,0,240,240
SITE_CHM_SCH_03,340,311,280,NA,NA,300,0,280,280
SITE_CHM_SCH_04,285,244,240,NA,NA,250,0,240,240
SITE_CHM_SCH_05,240,200,200,NA,NA,200,0,200,200
SITE_CHM_SCH_06,285,244,240,NA,NA,250,0,240,240
SITE_CHM_SCH_07,514,400,360,NA,NA,400,0,360,360
