timestamp,latitude,longitude,rainfall_mm,temperature_c,humidity_pct,wind_speed_ms,wind_direction_deg,pressure_hpa
2013-06-14 08:30:00,30.5564,79.5672,12.4,21.6,78.0,2.1,140,812.4
2013-06-14 08:30:00,30.4082,79.3254,16.0,24.2,75.0,1.8,160,842.1
2013-06-14 08:30:00,30.2581,79.2173,14.5,27.0,72.0,1.5,150,912.5
2013-06-14 08:30:00,30.0687,79.5099,18.2,NA,NA,NA,NA,NA
2013-06-14 08:30:00,30.2882,79.1284,15.0,28.2,70.0,2.0,160,918.4
2013-06-14 08:30:00,30.7431,79.4932,8.6,12.4,82.0,3.2,180,698.2
2013-06-14 08:30:00,30.3521,79.2184,11.0,NA,NA,NA,NA,NA
2013-06-14 08:30:00,30.0623,79.6182,19.4,NA,NA,NA,NA,NA
2013-06-14 08:30:00,30.6359,79.5382,10.2,NA,NA,NA,NA,NA
2013-06-15 08:30:00,30.5564,79.5672,58.6,17.8,92.0,4.2,130,806.2
2013-06-15 08:30:00,30.4082,79.3254,64.0,20.4,88.0,3.5,140,836.0
2013-06-15 08:30:00,30.2581,79.2173,52.0,23.1,86.0,2.8,140,906.8
2013-06-15 08:30:00,30.0687,79.5099,68.4,NA,NA,NA,NA,NA
2013-06-15 08:30:00,30.2882,79.1284,49.2,24.0,85.0,3.1,150,912.0
2013-06-15 08:30:00,30.7431,79.4932,72.0,8.5,96.0,5.8,170,691.5
2013-06-15 08:30:00,30.3521,79.2184,55.2,NA,NA,NA,NA,NA
2013-06-15 08:30:00,30.0623,79.6182,74.0,NA,NA,NA,NA,NA
2013-06-15 08:30:00,30.6359,79.5382,66.8,NA,NA,NA,NA,NA
2013-06-16 08:30:00,30.5564,79.5672,182.4,14.2,98.0,6.8,120,799.5
2013-06-16 08:30:00,30.4082,79.3254,168.0,16.5,96.0,5.2,130,829.8
2013-06-16 08:30:00,30.2581,79.2173,145.0,19.8,94.0,4.8,140,900.2
2013-06-16 08:30:00,30.0687,79.5099,210.6,NA,NA,NA,NA,NA
2013-06-16 08:30:00,30.2882,79.1284,138.5,20.5,95.0,5.4,130,905.6
2013-06-16 08:30:00,30.7431,79.4932,225.0,5.2,99.0,8.5,160,684.0
2013-06-16 08:30:00,30.3521,79.2184,152.4,NA,NA,NA,NA,NA
2013-06-16 08:30:00,30.0623,79.6182,235.2,NA,NA,NA,NA,NA
2013-06-16 08:30:00,30.6359,79.5382,240.0,NA,NA,NA,NA,NA
2013-06-17 08:30:00,30.5564,79.5672,124.0,13.5,99.0,5.9,130,801.0
2013-06-17 08:30:00,30.4082,79.3254,135.2,15.8,97.0,4.6,140,831.2
2013-06-17 08:30:00,30.2581,79.2173,112.0,18.5,96.0,4.2,140,901.8
2013-06-17 08:30:00,30.0687,79.5099,148.0,NA,NA,NA,NA,NA
2013-06-17 08:30:00,30.2882,79.1284,105.4,19.2,96.0,4.8,130,907.0
2013-06-17 08:30:00,30.7431,79.4932,168.4,4.8,99.0,7.2,150,686.2
2013-06-17 08:30:00,30.3521,79.2184,118.6,NA,NA,NA,NA,NA
2013-06-17 08:30:00,30.0623,79.6182,162.0,NA,NA,NA,NA,NA
2013-06-17 08:30:00,30.6359,79.5382,195.4,NA,NA,NA,NA,NA
2013-06-18 08:30:00,30.5564,79.5672,42.0,16.0,90.0,3.2,150,807.5
2013-06-18 08:30:00,30.4082,79.3254,48.5,18.2,88.0,2.5,150,837.4
2013-06-18 08:30:00,30.2581,79.2173,38.0,21.0,85.0,2.1,160,908.0
2013-06-18 08:30:00,30.0687,79.5099,52.0,NA,NA,NA,NA,NA
2013-06-18 08:30:00,30.2882,79.1284,35.2,22.4,84.0,2.4,150,913.5
2013-06-18 08:30:00,30.7431,79.4932,46.0,7.8,92.0,4.0,180,692.8
2013-06-18 08:30:00,30.3521,79.2184,39.4,NA,NA,NA,NA,NA
2013-06-18 08:30:00,30.0623,79.6182,55.6,NA,NA,NA,NA,NA
2013-06-18 08:30:00,30.6359,79.5382,44.2,NA,NA,NA,NA,NA
2013-06-19 08:30:00,30.5564,79.5672,8.4,19.5,78.0,2.0,170,811.2
2013-06-19 08:30:00,30.4082,79.3254,12.0,22.0,76.0,1.8,170,841.0
2013-06-19 08:30:00,30.2581,79.2173,9.5,25.4,72.0,1.4,180,911.5
2013-06-19 08:30:00,30.0687,79.5099,14.0,NA,NA,NA,NA,NA
2013-06-19 08:30:00,30.2882,79.1284,7.8,26.5,70.0,1.9,170,917.2
2013-06-19 08:30:00,30.7431,79.4932,12.2,10.4,80.0,2.8,190,697.0
2013-06-19 08:30:00,30.3521,79.2184,8.0,NA,NA,NA,NA,NA
2013-06-19 08:30:00,30.0623,79.6182,15.2,NA,NA,NA,NA,NA
2013-06-19 08:30:00,30.6359,79.5382,11.0,NA,NA,NA,NA,NA
2013-06-20 08:30:00,30.5564,79.5672,0.0,22.4,68.0,1.8,180,813.8
2013-06-20 08:30:00,30.4082,79.3254,0.0,25.0,65.0,1.5,180,843.5
2013-06-20 08:30:00,30.2581,79.2173,0.0,28.2,62.0,1.2,190,914.0
2013-06-20 08:30:00,30.0687,79.5099,0.0,NA,NA,NA,NA,NA
2013-06-20 08:30:00,30.2882,79.1284,0.0,29.4,60.0,1.5,180,919.8
2013-06-20 08:30:00,30.7431,79.4932,0.0,13.5,70.0,2.2,200,700.5
2013-06-20 08:30:00,30.3521,79.2184,0.0,NA,NA,NA,NA,NA
2013-06-20 08:30:00,30.0623,79.6182,0.0,NA,NA,NA,NA,NA
2013-06-20 08:30:00,30.6359,79.5382,0.0,NA,NA,NA,NA,NA
2021-02-04 08:30:00,30.5564,79.5672,0.0,3.2,54.0,1.8,240,818.0
2021-02-04 08:30:00,30.4082,79.3254,0.0,6.8,52.0,1.4,230,848.2
2021-02-04 08:30:00,30.2581,79.2173,0.0,9.5,48.0,1.1,220,919.0
2021-02-04 08:30:00,30.0687,79.5099,0.0,NA,NA,NA,NA,NA
2021-02-04 08:30:00,30.2882,79.1284,0.0,11.2,45.0,1.3,230,925.0
2021-02-04 08:30:00,30.7431,79.4932,0.0,-6.5,62.0,2.5,270,704.2
2021-02-04 08:30:00,30.5312,79.5688,0.0,-1.8,58.0,2.2,260,738.5
2021-02-04 08:30:00,30.3521,79.2184,0.0,NA,NA,NA,NA,NA
2021-02-04 08:30:00,30.0623,79.6182,0.0,NA,NA,NA,NA,NA
2021-02-04 08:30:00,30.6359,79.5382,0.0,NA,NA,NA,NA,NA
2021-02-05 08:30:00,30.5564,79.5672,4.2,2.0,82.0,2.8,260,814.5
2021-02-05 08:30:00,30.4082,79.3254,2.0,5.4,78.0,2.1,250,844.8
2021-02-05 08:30:00,30.2581,79.2173,0.5,8.2,72.0,1.6,240,915.2
2021-02-05 08:30:00,30.0687,79.5099,1.2,NA,NA,NA,NA,NA
2021-02-05 08:30:00,30.2882,79.1284,0.0,9.8,70.0,1.8,250,921.4
2021-02-05 08:30:00,30.7431,79.4932,14.8,-8.2,90.0,4.5,290,700.1
2021-02-05 08:30:00,30.5312,79.5688,8.4,-3.5,88.0,3.8,280,734.6
2021-02-05 08:30:00,30.3521,79.2184,0.8,NA,NA,NA,NA,NA
2021-02-05 08:30:00,30.0623,79.6182,2.0,NA,NA,NA,NA,NA
2021-02-05 08:30:00,30.6359,79.5382,6.5,NA,NA,NA,NA,NA
2021-02-06 08:30:00,30.5564,79.5672,0.0,5.8,48.0,2.0,220,817.2
2021-02-06 08:30:00,30.4082,79.3254,0.0,9.2,45.0,1.5,210,847.5
2021-02-06 08:30:00,30.2581,79.2173,0.0,12.0,42.0,1.2,200,918.4
2021-02-06 08:30:00,30.0687,79.5099,0.0,NA,NA,NA,NA,NA
2021-02-06 08:30:00,30.2882,79.1284,0.0,13.5,40.0,1.4,210,924.5
2021-02-06 08:30:00,30.7431,79.4932,0.0,-1.5,52.0,2.6,250,703.8
2021-02-06 08:30:00,30.5312,79.5688,0.0,2.4,50.0,2.2,240,738.0
2021-02-06 08:30:00,30.3521,79.2184,0.0,NA,NA,NA,NA,NA
2021-02-06 08:30:00,30.0623,79.6182,0.0,NA,NA,NA,NA,NA
2021-02-06 08:30:00,30.6359,79.5382,0.0,NA,NA,NA,NA,NA
2021-02-07 08:30:00,30.5564,79.5672,0.0,8.4,42.0,2.2,210,818.5
2021-02-07 08:30:00,30.4082,79.3254,0.0,12.0,40.0,1.6,200,848.6
2021-02-07 08:30:00,30.2581,79.2173,0.0,14.8,38.0,1.3,190,919.2
2021-02-07 08:30:00,30.0687,79.5099,0.0,NA,NA,NA,NA,NA
2021-02-07 08:30:00,30.2882,79.1284,0.0,16.0,36.0,1.5,200,925.2
2021-02-07 08:30:00,30.7431,79.4932,0.0,1.8,46.0,2.8,240,704.8
2021-02-07 08:30:00,30.5312,79.5688,0.0,5.2,44.0,2.5,230,739.2
2021-02-07 08:30:00,30.3521,79.2184,0.0,NA,NA,NA,NA,NA
2021-02-07 08:30:00,30.0623,79.6182,0.0,NA,NA,NA,NA,NA
2021-02-07 08:30:00,30.6359,79.5382,0.0,NA,NA,NA,NA,NA
2021-02-07 17:30:00,30.5564,79.5672,0.0,11.5,38.0,3.1,230,816.0
2021-02-07 17:30:00,30.4082,79.3254,0.0,15.2,35.0,2.2,220,846.1
2021-02-07 17:30:00,30.2581,79.2173,0.0,18.0,32.0,1.8,210,916.8
2021-02-07 17:30:00,30.2882,79.1284,0.0,19.5,30.0,2.1,220,922.8
2021-02-07 17:30:00,30.7431,79.4932,0.0,3.5,42.0,3.5,260,702.4
2021-02-07 17:30:00,30.5312,79.5688,0.0,7.8,40.0,3.2,250,736.8
2021-02-08 08:30:00,30.5564,79.5672,0.0,7.5,45.0,1.9,220,818.1
2021-02-08 08:30:00,30.4082,79.3254,0.0,11.0,42.0,1.5,210,848.2
2021-02-08 08:30:00,30.2581,79.2173,0.0,13.8,40.0,1.2,200,919.0
2021-02-08 08:30:00,30.0687,79.5099,0.0,NA,NA,NA,NA,NA
2021-02-08 08:30:00,30.2882,79.1284,0.0,15.2,38.0,1.4,210,925.0
2021-02-08 08:30:00,30.7431,79.4932,0.0,0.5,48.0,2.5,250,704.2
2021-02-08 08:30:00,30.5312,79.5688,0.0,4.0,46.0,2.2,240,738.6
2021-02-08 08:30:00,30.3521,79.2184,0.0,NA,NA,NA,NA,NA
2021-02-08 08:30:00,30.0623,79.6182,0.0,NA,NA,NA,NA,NA
2021-02-08 08:30:00,30.6359,79.5382,0.0,NA,NA,NA,NA,NA
2021-10-16 08:30:00,30.5564,79.5672,0.0,14.5,62.0,1.5,160,814.5
2021-10-16 08:30:00,30.4082,79.3254,0.0,18.2,58.0,1.2,150,844.6
2021-10-16 08:30:00,30.2581,79.2173,0.0,21.5,55.0,1.0,140,915.0
2021-10-16 08:30:00,30.0687,79.5099,0.0,NA,NA,NA,NA,NA
2021-10-16 08:30:00,30.2882,79.1284,0.0,22.8,54.0,1.2,150,921.0
2021-10-16 08:30:00,30.7431,79.4932,0.0,6.2,68.0,2.2,170,700.2
2021-10-16 08:30:00,30.5312,79.5688,0.0,9.8,65.0,1.9,160,735.0
2021-10-16 08:30:00,30.0524,79.2781,0.0,16.5,60.0,1.4,150,831.0
2021-10-16 08:30:00,30.3521,79.2184,0.0,NA,NA,NA,NA,NA
2021-10-16 08:30:00,30.0623,79.6182,0.0,NA,NA,NA,NA,NA
2021-10-16 08:30:00,30.6359,79.5382,0.0,NA,NA,NA,NA,NA
2021-10-17 08:30:00,30.5564,79.5672,62.4,10.8,92.0,4.5,110,807.0
2021-10-17 08:30:00,30.4082,79.3254,71.0,13.5,90.0,3.8,120,837.2
2021-10-17 08:30:00,30.2581,79.2173,58.2,16.2,88.0,3.0,130,907.5
2021-10-17 08:30:00,30.0687,79.5099,78.5,NA,NA,NA,NA,NA
2021-10-17 08:30:00,30.2882,79.1284,54.0,17.5,87.0,3.2,120,913.4
2021-10-17 08:30:00,30.7431,79.4932,85.0,2.0,98.0,6.2,140,692.5
2021-10-17 08:30:00,30.5312,79.5688,74.2,4.5,95.0,5.5,130,728.0
2021-10-17 08:30:00,30.0524,79.2781,68.0,11.2,92.0,4.0,120,823.5
2021-10-17 08:30:00,30.3521,79.2184,64.0,NA,NA,NA,NA,NA
2021-10-17 08:30:00,30.0623,79.6182,82.4,NA,NA,NA,NA,NA
2021-10-17 08:30:00,30.6359,79.5382,76.0,NA,NA,NA,NA,NA
2021-10-18 08:30:00,30.5564,79.5672,145.2,8.5,98.0,5.8,100,802.2
2021-10-18 08:30:00,30.4082,79.3254,162.4,11.0,97.0,5.0,110,832.0
2021-10-18 08:30:00,30.2581,79.2173,138.0,13.5,95.0,4.2,120,902.5
2021-10-18 08:30:00,30.0687,79.5099,188.0,NA,NA,NA,NA,NA
2021-10-18 08:30:00,30.2882,79.1284,128.5,14.8,95.0,4.5,110,908.2
2021-10-18 08:30:00,30.7431,79.4932,195.0,-1.0,99.0,7.5,130,687.0
2021-10-18 08:30:00,30.5312,79.5688,168.5,1.2,99.0,6.8,120,722.5
2021-10-18 08:30:00,30.0524,79.2781,152.0,8.4,98.0,5.2,110,818.0
2021-10-18 08:30:00,30.3521,79.2184,142.6,NA,NA,NA,NA,NA
2021-10-18 08:30:00,30.0623,79.6182,198.5,NA,NA,NA,NA,NA
2021-10-18 08:30:00,30.6359,79.5382,172.0,NA,NA,NA,NA,NA
2021-10-19 08:30:00,30.5564,79.5672,52.0,9.8,92.0,3.4,130,807.8
2021-10-19 08:30:00,30.4082,79.3254,65.2,12.4,90.0,2.8,130,837.5
2021-10-19 08:30:00,30.2581,79.2173,46.0,15.0,88.0,2.2,140,908.0
2021-10-19 08:30:00,30.0687,79.5099,58.4,NA,NA,NA,NA,NA
2021-10-19 08:30:00,30.2882,79.1284,42.0,16.2,86.0,2.5,130,914.0
2021-10-19 08:30:00,30.7431,79.4932,62.0,0.5,95.0,4.8,150,693.2
2021-10-19 08:30:00,30.5312,79.5688,55.4,2.8,94.0,4.2,140,729.0
2021-10-19 08:30:00,30.0524,79.2781,48.0,10.0,89.0,3.0,130,824.2
2021-10-19 08:30:00,30.3521,79.2184,49.0,NA,NA,NA,NA,NA
2021-10-19 08:30:00,30.0623,79.6182,61.2,NA,NA,NA,NA,NA
2021-10-19 08:30:00,30.6359,79.5382,58.0,NA,NA,NA,NA,NA
2021-10-20 08:30:00,30.5564,79.5672,0.0,12.0,65.0,1.8,180,812.5
2021-10-20 08:30:00,30.4082,79.3254,0.0,15.5,62.0,1.4,170,842.6
2021-10-20 08:30:00,30.2581,79.2173,0.0,18.4,58.0,1.1,160,913.2
2021-10-20 08:30:00,30.0687,79.5099,0.0,NA,NA,NA,NA,NA
2021-10-20 08:30:00,30.2882,79.1284,0.0,19.8,56.0,1.3,170,919.2
2021-10-20 08:30:00,30.7431,79.4932,0.0,4.0,70.0,2.5,190,698.5
2021-10-20 08:30:00,30.5312,79.5688,0.0,6.5,68.0,2.2,180,734.2
2021-10-20 08:30:00,30.0524,79.2781,0.0,13.5,64.0,1.6,170,829.5
2021-10-20 08:30:00,30.3521,79.2184,0.0,NA,NA,NA,NA,NA
2021-10-20 08:30:00,30.0623,79.6182,0.0,NA,NA,NA,NA,NA
2021-10-20 08:30:00,30.6359,79.5382,0.0,NA,NA,NA,NA,NA
2022-07-16 08:30:00,30.5564,79.5672,52.8,19.5,88.0,3.2,140,808.2
2022-07-16 08:30:00,30.4082,79.3254,64.2,22.0,86.0,2.6,140,838.0
2022-07-16 08:30:00,30.2581,79.2173,48.0,25.1,82.0,2.0,150,908.5
2022-07-16 08:30:00,30.0687,79.5099,56.4,NA,NA,NA,NA,NA
2022-07-16 08:30:00,30.2882,79.1284,45.0,26.2,80.0,2.2,150,914.5
2022-07-16 08:30:00,30.7431,79.4932,41.5,11.2,92.0,4.0,160,694.5
2022-07-16 08:30:00,30.5312,79.5688,49.0,14.8,90.0,3.5,150,730.0
2022-07-16 08:30:00,30.0524,79.2781,51.2,19.0,85.0,2.5,140,825.2
2022-07-16 08:30:00,30.3521,79.2184,42.0,NA,NA,NA,NA,NA
2022-07-16 08:30:00,30.0623,79.6182,60.0,NA,NA,NA,NA,NA
2022-07-16 08:30:00,30.6359,79.5382,54.2,NA,NA,NA,NA,NA
2022-08-19 08:30:00,30.5564,79.5672,38.0,18.2,89.0,2.8,150,809.0
2022-08-19 08:30:00,30.4082,79.3254,55.4,21.0,88.0,2.2,140,838.8
2022-08-19 08:30:00,30.2581,79.2173,42.0,24.2,85.0,1.8,150,909.2
2022-08-19 08:30:00,30.0687,79.5099,112.5,NA,NA,NA,NA,NA
2022-08-19 08:30:00,30.2882,79.1284,38.6,25.5,82.0,2.0,150,915.2
2022-08-19 08:30:00,30.7431,79.4932,32.0,10.5,94.0,3.8,170,695.0
2022-08-19 08:30:00,30.5312,79.5688,36.5,13.8,92.0,3.2,160,731.0
2022-08-19 08:30:00,30.0524,79.2781,62.0,18.2,88.0,2.4,140,826.0
2022-08-19 08:30:00,30.3521,79.2184,45.0,NA,NA,NA,NA,NA
2022-08-19 08:30:00,30.0623,79.6182,98.4,NA,NA,NA,NA,NA
2022-08-19 08:30:00,30.6359,79.5382,35.0,NA,NA,NA,NA,NA
2022-08-20 08:30:00,30.5564,79.5672,28.5,19.0,85.0,2.5,160,810.2
2022-08-20 08:30:00,30.4082,79.3254,78.2,21.8,86.0,2.4,150,840.0
2022-08-20 08:30:00,30.2581,79.2173,36.0,24.8,82.0,1.7,160,910.4
2022-08-20 08:30:00,30.0687,79.5099,85.0,NA,NA,NA,NA,NA
2022-08-20 08:30:00,30.2882,79.1284,31.0,26.0,80.0,1.9,160,916.5
2022-08-20 08:30:00,30.7431,79.4932,24.0,11.0,90.0,3.2,180,696.2
2022-08-20 08:30:00,30.5312,79.5688,30.2,14.5,88.0,2.8,170,732.2
2022-08-20 08:30:00,30.0524,79.2781,45.0,19.0,84.0,2.1,150,827.5
2022-08-20 08:30:00,30.3521,79.2184,38.5,NA,NA,NA,NA,NA
2022-08-20 08:30:00,30.0623,79.6182,72.0,NA,NA,NA,NA,NA
2022-08-20 08:30:00,30.6359,79.5382,26.4,NA,NA,NA,NA,NA
2023-07-12 08:30:00,30.5564,79.5672,24.0,19.8,86.0,2.4,150,809.5
2023-07-12 08:30:00,30.4082,79.3254,35.0,22.5,84.0,2.0,150,839.2
2023-07-12 08:30:00,30.2581,79.2173,42.5,25.8,80.0,1.8,160,909.8
2023-07-12 08:30:00,30.0687,79.5099,68.0,NA,NA,NA,NA,NA
2023-07-12 08:30:00,30.2882,79.1284,38.0,26.8,78.0,2.1,150,915.8
2023-07-12 08:30:00,30.7431,79.4932,18.5,11.8,90.0,3.5,170,695.8
2023-07-12 08:30:00,30.5312,79.5688,22.4,15.2,88.0,3.0,160,731.8
2023-07-12 08:30:00,30.0524,79.2781,45.0,20.2,82.0,2.2,150,826.8
2023-07-12 08:30:00,30.3521,79.2184,30.0,NA,NA,NA,NA,NA
2023-07-12 08:30:00,30.0623,79.6182,74.5,NA,NA,NA,NA,NA
2023-07-12 08:30:00,30.6359,79.5382,20.0,NA,NA,NA,NA,NA
2023-07-13 08:30:00,30.5564,79.5672,68.5,17.5,94.0,4.2,130,805.0
2023-07-13 08:30:00,30.4082,79.3254,84.0,20.0,92.0,3.5,130,835.2
2023-07-13 08:30:00,30.2581,79.2173,92.4,23.0,90.0,3.0,140,905.5
2023-07-13 08:30:00,30.0687,79.5099,146.0,NA,NA,NA,NA,NA
2023-07-13 08:30:00,30.2882,79.1284,78.5,24.0,88.0,3.4,130,911.5
2023-07-13 08:30:00,30.7431,79.4932,52.0,9.5,96.0,5.2,150,691.0
2023-07-13 08:30:00,30.5312,79.5688,62.0,12.8,94.0,4.5,140,727.2
2023-07-13 08:30:00,30.0524,79.2781,95.0,17.5,91.0,3.8,130,822.0
2023-07-13 08:30:00,30.3521,79.2184,72.0,NA,NA,NA,NA,NA
2023-07-13 08:30:00,30.0623,79.6182,158.4,NA,NA,NA,NA,NA
2023-07-13 08:30:00,30.6359,79.5382,55.0,NA,NA,NA,NA,NA
2023-07-14 08:30:00,30.5564,79.5672,45.0,18.2,90.0,3.0,140,807.8
2023-07-14 08:30:00,30.4082,79.3254,58.0,21.2,88.0,2.5,140,837.5
2023-07-14 08:30:00,30.2581,79.2173,74.0,23.8,86.0,2.2,150,907.8
2023-07-14 08:30:00,30.0687,79.5099,88.2,NA,NA,NA,NA,NA
2023-07-14 08:30:00,30.2882,79.1284,62.0,24.8,84.0,2.5,140,913.8
2023-07-14 08:30:00,30.7431,79.4932,38.0,10.2,92.0,4.0,160,693.8
2023-07-14 08:30:00,30.5312,79.5688,42.5,13.5,91.0,3.5,150,730.0
2023-07-14 08:30:00,30.0524,79.2781,64.0,18.5,87.0,2.8,140,825.0
2023-07-14 08:30:00,30.3521,79.2184,48.0,NA,NA,NA,NA,NA
2023-07-14 08:30:00,30.0623,79.6182,94.0,NA,NA,NA,NA,NA
2023-07-14 08:30:00,30.6359,79.5382,41.2,NA,NA,NA,NA,NA
2023-08-13 08:30:00,30.5564,79.5672,32.0,19.0,88.0,2.8,150,808.5
2023-08-13 08:30:00,30.4082,79.3254,45.2,22.0,86.0,2.2,140,838.2
2023-08-13 08:30:00,30.2581,79.2173,52.0,25.0,84.0,1.9,150,908.8
2023-08-13 08:30:00,30.0687,79.5099,132.4,NA,NA,NA,NA,NA
2023-08-13 08:30:00,30.2882,79.1284,44.0,26.2,82.0,2.2,150,914.8
2023-08-13 08:30:00,30.7431,79.4932,28.0,11.5,92.0,3.8,170,694.8
2023-08-13 08:30:00,30.5312,79.5688,31.0,14.8,90.0,3.2,160,730.8
2023-08-13 08:30:00,30.0524,79.2781,78.0,19.5,86.0,2.5,140,825.8
2023-08-13 08:30:00,30.3521,79.2184,39.0,NA,NA,NA,NA,NA
2023-08-13 08:30:00,30.0623,79.6182,145.0,NA,NA,NA,NA,NA
2023-08-13 08:30:00,30.6359,79.5382,29.5,NA,NA,NA,NA,NA
2024-07-20 08:30:00,30.5564,79.5672,114.2,18.0,95.0,4.5,120,804.8
2024-07-20 08:30:00,30.4082,79.3254,95.0,20.8,92.0,3.6,130,835.0
2024-07-20 08:30:00,30.2581,79.2173,72.0,23.5,88.0,2.8,140,905.2
2024-07-20 08:30:00,30.0687,79.5099,86.0,NA,NA,NA,NA,NA
2024-07-20 08:30:00,30.2882,79.1284,68.4,24.5,87.0,3.1,130,911.2
2024-07-20 08:30:00,30.7431,79.4932,82.0,10.0,96.0,5.0,150,691.2
2024-07-20 08:30:00,30.5312,79.5688,92.5,13.2,95.0,4.8,140,727.0
2024-07-20 08:30:00,30.0524,79.2781,75.0,18.0,90.0,3.2,130,822.5
2024-07-20 08:30:00,30.3521,79.2184,68.0,NA,NA,NA,NA,NA
2024-07-20 08:30:00,30.0623,79.6182,94.2,NA,NA,NA,NA,NA
2024-07-20 08:30:00,30.6359,79.5382,108.0,NA,NA,NA,NA,NA
2024-08-01 08:30:00,30.5564,79.5672,55.0,18.5,92.0,3.5,130,807.0
2024-08-01 08:30:00,30.4082,79.3254,88.4,21.2,91.0,3.0,130,836.8
2024-08-01 08:30:00,30.2581,79.2173,76.0,24.0,89.0,2.5,140,907.0
2024-08-01 08:30:00,30.0687,79.5099,168.0,NA,NA,NA,NA,NA
2024-08-01 08:30:00,30.2882,79.1284,72.0,25.2,86.0,2.8,130,913.0
2024-08-01 08:30:00,30.7431,79.4932,45.0,10.8,94.0,4.2,160,693.0
2024-08-01 08:30:00,30.5312,79.5688,52.0,14.0,93.0,3.8,150,729.0
2024-08-01 08:30:00,30.0524,79.2781,92.0,18.8,89.0,3.0,130,824.0
2024-08-01 08:30:00,30.3521,79.2184,65.0,NA,NA,NA,NA,NA
2024-08-01 08:30:00,30.0623,79.6182,175.0,NA,NA,NA,NA,NA
2024-08-01 08:30:00,30.6359,79.5382,51.0,NA,NA,NA,NA,NA
2024-09-13 08:30:00,30.5564,79.5672,42.0,17.8,90.0,3.0,140,808.5
2024-09-13 08:30:00,30.4082,79.3254,62.0,20.5,88.0,2.5,140,838.2
2024-09-13 08:30:00,30.2581,79.2173,58.0,23.2,85.0,2.1,150,908.5
2024-09-13 08:30:00,30.0687,79.5099,154.5,NA,NA,NA,NA,NA
2024-09-13 08:30:00,30.2882,79.1284,55.0,24.5,84.0,2.4,140,914.5
2024-09-13 08:30:00,30.7431,79.4932,35.0,9.8,92.0,3.9,160,694.5
2024-09-13 08:30:00,30.5312,79.5688,40.0,13.0,91.0,3.4,150,730.5
2024-09-13 08:30:00,30.0524,79.2781,82.0,18.0,88.0,2.7,140,825.5
2024-09-13 08:30:00,30.3521,79.2184,50.0,NA,NA,NA,NA,NA
2024-09-13 08:30:00,30.0623,79.6182,162.0,NA,NA,NA,NA,NA
2024-09-13 08:30:00,30.6359,79.5382,38.0,NA,NA,NA,NA,NA
2024-09-14 08:30:00,30.5564,79.5672,26.0,18.5,86.0,2.2,150,810.0
2024-09-14 08:30:00,30.4082,79.3254,72.0,21.0,86.0,2.0,150,839.8
2024-09-14 08:30:00,30.2581,79.2173,45.0,24.0,82.0,1.8,160,910.0
2024-09-14 08:30:00,30.0687,79.5099,68.0,NA,NA,NA,NA,NA
2024-09-14 08:30:00,30.2882,79.1284,38.0,25.4,80.0,2.0,150,916.0
2024-09-14 08:30:00,30.7431,79.4932,20.0,10.5,88.0,3.2,170,696.0
2024-09-14 08:30:00,30.5312,79.5688,25.0,14.2,87.0,2.8,160,732.0
2024-09-14 08:30:00,30.0524,79.2781,52.0,18.8,84.0,2.2,150,827.0
2024-09-14 08:30:00,30.3521,79.2184,35.0,NA,NA,NA,NA,NA
2024-09-14 08:30:00,30.0623,79.6182,75.0,NA,NA,NA,NA,NA
2024-09-14 08:30:00,30.6359,79.5382,24.0,NA,NA,NA,NA,NA
